Time, Altitude, Velocity, Temperature (F), Voltage
0.00, 0, 0, 102.25, 6.60
0.05, 2, 13, 102.25, 6.60
0.10, 0, 3, 102.25, 6.60
0.15, 1, 4, 102.25, 6.60
0.20, 1, 1, 102.24, 6.60
0.25, 1, -0, 102.25, 6.60
0.30, 2, -4, 102.25, 6.60
0.35, 0, -8, 102.25, 6.60
0.40, 0, -11, 102.25, 6.60
0.45, 1, -14, 102.25, 6.60
0.50, 0, -10, 102.25, 6.60
0.55, -8, -0, 102.24, 6.60
0.60, -4, 16, 102.25, 6.60
0.65, -1, 37, 102.25, 6.60
0.70, 3, 59, 102.25, 6.60
0.75, 6, 78, 102.25, 6.60
0.80, 11, 97, 102.25, 6.60
0.85, 17, 115, 102.25, 6.60
0.90, 23, 135, 102.24, 6.60
0.95, 29, 156, 102.25, 6.60
1.00, 40, 179, 102.24, 6.60
1.05, 49, 201, 102.24, 6.60
1.10, 63, 224, 102.25, 6.60
1.15, 73, 250, 102.25, 6.60
1.20, 86, 277, 102.22, 6.60
1.25, 99, 301, 102.24, 6.60
1.30, 116, 315, 102.24, 6.60
1.35, 140, 307, 102.25, 6.60
1.40, 163, 276, 102.22, 6.60
1.45, 173, 228, 102.24, 6.60
1.50, 176, 180, 102.25, 6.60
1.55, 176, 153, 102.25, 6.60
1.60, 178, 160, 102.25, 6.60
1.65, 183, 200, 102.25, 6.60
1.70, 196, 256, 102.25, 6.60
1.75, 219, 304, 102.25, 6.60
1.80, 243, 324, 102.24, 6.60
1.85, 268, 314, 102.25, 6.60
1.90, 284, 293, 102.25, 6.60
1.95, 284, 286, 102.25, 6.60
2.00, 254, 318, 102.22, 6.60
2.05, 292, 395, 102.24, 6.60
2.10, 329, 502, 102.24, 6.60
2.15, 369, 615, 102.25, 6.60
2.20, 406, 706, 102.25, 6.60
2.25, 447, 760, 102.25, 6.60
2.30, 492, 782, 102.25, 6.60
2.35, 534, 785, 102.25, 6.60
2.40, 568, 785, 102.25, 6.60
2.45, 599, 793, 102.25, 6.60
2.50, 637, 807, 102.25, 6.60
2.55, 686, 819, 102.25, 6.60
2.60, 738, 825, 102.24, 6.60
2.65, 778, 828, 102.25, 6.60
2.70, 810, 831, 102.24, 6.60
2.75, 842, 832, 102.24, 6.60
2.80, 889, 828, 102.24, 6.60
2.85, 941, 800, 102.25, 6.60
2.90, 998, 736, 102.24, 6.60
2.95, 1024, 638, 102.25, 6.60
3.00, 1038, 518, 102.25, 6.60
3.05, 1065, 399, 102.25, 6.60
3.10, 1075, 316, 102.25, 6.60
3.15, 1076, 289, 102.25, 6.60
3.20, 1079, 324, 102.25, 6.60
3.25, 1094, 419, 102.25, 6.60
3.30, 1120, 547, 102.24, 6.60
3.35, 1164, 678, 102.25, 6.60
3.40, 1210, 781, 102.22, 6.60
3.45, 1264, 830, 102.22, 6.60
3.50, 1310, 814, 102.22, 6.60
3.55, 1353, 740, 102.25, 6.60
3.60, 1388, 625, 102.25, 6.60
3.65, 1411, 494, 102.25, 6.60
3.70, 1425, 378, 102.25, 6.60
3.75, 1427, 305, 102.27, 6.60
3.80, 1437, 291, 102.25, 6.60
3.85, 1440, 337, 102.27, 6.60
3.90, 1452, 419, 102.27, 6.60
3.95, 1489, 502, 102.25, 6.60
4.00, 1541, 556, 102.27, 6.60
4.05, 1578, 559, 102.25, 6.60
4.10, 1596, 515, 102.25, 6.60
4.15, 1610, 441, 102.27, 6.60
4.20, 1639, 368, 102.25, 6.60
4.25, 1650, 333, 102.25, 6.60
4.30, 1651, 363, 102.25, 6.60
4.35, 1658, 456, 102.25, 6.60
4.40, 1673, 589, 102.25, 6.60
4.45, 1722, 714, 102.25, 6.60
4.50, 1794, 779, 102.25, 6.60
4.55, 1871, 770, 102.25, 6.60
4.60, 1890, 703, 102.29, 6.60
4.65, 1892, 617, 102.25, 6.60
4.70, 1904, 553, 102.25, 6.60
4.75, 1931, 527, 102.25, 6.60
4.80, 1973, 514, 102.25, 6.60
4.85, 2019, 490, 102.25, 6.60
4.90, 2033, 445, 102.25, 6.60
4.95, 2044, 384, 102.25, 6.60
5.00, 2056, 332, 102.25, 6.60
5.05, 2066, 316, 102.25, 6.60
5.10, 2074, 333, 102.27, 6.60
5.15, 2093, 368, 102.25, 6.60
5.20, 2125, 402, 102.27, 6.60
5.25, 2154, 419, 102.27, 6.60
5.30, 2175, 420, 102.25, 6.60
5.35, 2188, 411, 102.29, 6.60
5.40, 2202, 404, 102.25, 6.60
5.45, 2223, 403, 102.27, 6.60
5.50, 2249, 408, 102.25, 6.60
5.55, 2276, 415, 102.27, 6.60
5.60, 2290, 421, 102.27, 6.60
5.65, 2305, 422, 102.27, 6.60
5.70, 2330, 416, 102.25, 6.60
5.75, 2360, 405, 102.27, 6.60
5.80, 2379, 390, 102.25, 6.60
5.85, 2392, 374, 102.29, 6.60
5.90, 2407, 364, 102.25, 6.60
5.95, 2423, 364, 102.27, 6.60
6.00, 2442, 373, 102.25, 6.60
6.05, 2464, 385, 102.27, 6.60
6.10, 2486, 392, 102.27, 6.60
6.15, 2507, 388, 102.29, 6.60
6.20, 2525, 375, 102.29, 6.60
6.25, 2544, 355, 102.27, 6.60
6.30, 2560, 335, 102.27, 6.60
6.35, 2575, 319, 102.27, 6.60
6.40, 2587, 310, 102.27, 6.60
6.45, 2602, 308, 102.29, 6.60
6.50, 2619, 309, 102.27, 6.60
6.55, 2636, 311, 102.29, 6.60
6.60, 2652, 313, 102.25, 6.60
6.65, 2666, 314, 102.29, 6.60
6.70, 2681, 316, 102.27, 6.60
6.75, 2697, 319, 102.27, 6.60
6.80, 2714, 323, 102.27, 6.60
6.85, 2730, 328, 102.27, 6.60
6.90, 2747, 333, 102.25, 6.60
6.95, 2764, 336, 102.25, 6.60
7.00, 2782, 337, 102.29, 6.60
7.05, 2796, 335, 102.29, 6.60
7.10, 2816, 331, 102.27, 6.60
7.15, 2833, 325, 102.27, 6.60
7.20, 2847, 317, 102.27, 6.60
7.25, 2862, 310, 102.29, 6.60
7.30, 2877, 303, 102.27, 6.60
7.35, 2893, 298, 102.29, 6.60
7.40, 2908, 294, 102.27, 6.60
7.45, 2920, 292, 102.29, 6.60
7.50, 2936, 292, 102.29, 6.60
7.55, 2949, 294, 102.29, 6.60
7.60, 2965, 295, 102.29, 6.60
7.65, 2981, 296, 102.27, 6.60
7.70, 2996, 296, 102.29, 6.60
7.75, 3009, 294, 102.29, 6.60
7.80, 3025, 293, 102.29, 6.60
7.85, 3037, 293, 102.27, 6.60
7.90, 3054, 293, 102.27, 6.60
7.95, 3068, 293, 102.29, 6.60
8.00, 3084, 293, 102.27, 6.60
8.05, 3097, 291, 102.27, 6.60
8.10, 3112, 289, 102.29, 6.60
8.15, 3126, 285, 102.27, 6.60
8.20, 3142, 280, 102.25, 6.60
8.25, 3155, 274, 102.27, 6.60
8.30, 3167, 268, 102.29, 6.60
8.35, 3181, 264, 102.29, 6.60
8.40, 3193, 263, 102.29, 6.60
8.45, 3206, 263, 102.29, 6.60
8.50, 3220, 265, 102.29, 6.60
8.55, 3232, 267, 102.29, 6.60
8.60, 3247, 268, 102.29, 6.60
8.65, 3261, 268, 102.29, 6.60
8.70, 3273, 268, 102.29, 6.60
8.75, 3288, 266, 102.29, 6.60
8.80, 3299, 265, 102.29, 6.60
8.85, 3313, 265, 102.29, 6.60
8.90, 3326, 265, 102.29, 6.60
8.95, 3341, 265, 102.29, 6.60
9.00, 3353, 264, 102.27, 6.60
9.05, 3365, 263, 102.29, 6.60
9.10, 3380, 260, 102.29, 6.60
9.15, 3393, 257, 102.31, 6.60
9.20, 3405, 254, 102.29, 6.60
9.25, 3417, 252, 102.29, 6.60
9.30, 3429, 251, 102.29, 6.60
9.35, 3442, 249, 102.29, 6.60
9.40, 3456, 247, 102.29, 6.60
9.45, 3467, 244, 102.27, 6.60
9.50, 3479, 240, 102.29, 6.60
9.55, 3491, 236, 102.29, 6.60
9.60, 3502, 233, 102.29, 6.60
9.65, 3514, 230, 102.29, 6.60
9.70, 3525, 227, 102.29, 6.60
9.75, 3538, 223, 102.29, 6.60
9.80, 3547, 219, 102.29, 6.60
9.85, 3558, 215, 102.29, 6.60
9.90, 3569, 212, 102.29, 6.60
9.95, 3579, 211, 102.29, 6.60
10.00, 3590, 211, 102.31, 6.60
10.05, 3598, 212, 102.31, 6.60
10.10, 3611, 213, 102.29, 6.60
10.15, 3623, 214, 102.31, 6.60
10.20, 3632, 213, 102.31, 6.60
10.25, 3643, 211, 102.31, 6.60
10.30, 3653, 209, 102.29, 6.60
10.35, 3664, 206, 102.29, 6.60
10.40, 3675, 203, 102.29, 6.60
10.45, 3683, 200, 102.29, 6.60
10.50, 3694, 198, 102.31, 6.60
10.55, 3703, 197, 102.31, 6.60
10.60, 3713, 196, 102.31, 6.60
10.65, 3723, 195, 102.31, 6.60
10.70, 3733, 194, 102.31, 6.60
10.75, 3743, 192, 102.31, 6.60
10.80, 3752, 190, 102.31, 6.60
10.85, 3761, 188, 102.31, 6.60
10.90, 3769, 186, 102.31, 6.60
10.95, 3781, 184, 102.29, 6.60
11.00, 3789, 181, 102.31, 6.60
11.05, 3799, 178, 102.31, 6.60
11.10, 3805, 176, 102.31, 6.60
11.15, 3815, 175, 102.31, 6.60
11.20, 3824, 176, 102.31, 6.60
11.25, 3831, 179, 102.31, 6.60
11.30, 3842, 179, 102.29, 6.60
11.35, 3852, 179, 102.29, 6.60
11.40, 3860, 176, 102.31, 6.60
11.45, 3869, 172, 102.29, 6.60
11.50, 3876, 169, 102.31, 6.60
11.55, 3885, 165, 102.29, 6.60
11.60, 3894, 162, 102.29, 6.60
11.65, 3901, 160, 102.29, 6.60
11.70, 3909, 157, 102.31, 6.60
11.75, 3916, 155, 102.31, 6.60
11.80, 3925, 152, 102.29, 6.60
11.85, 3932, 148, 102.31, 6.60
11.90, 3940, 145, 102.29, 6.60
11.95, 3945, 142, 102.31, 6.60
12.00, 3953, 140, 102.29, 6.60
12.05, 3960, 138, 102.31, 6.60
12.10, 3966, 137, 102.31, 6.60
12.15, 3974, 136, 102.31, 6.60
12.20, 3981, 136, 102.31, 6.60
12.25, 3986, 136, 102.31, 6.60
12.30, 3994, 135, 102.31, 6.60
12.35, 4000, 134, 102.31, 6.60
12.40, 4008, 134, 102.31, 6.60
12.45, 4014, 133, 102.31, 6.60
12.50, 4021, 132, 102.31, 6.60
12.55, 4026, 131, 102.31, 6.60
12.60, 4033, 132, 102.31, 6.60
12.65, 4040, 131, 102.33, 6.60
12.70, 4048, 131, 102.31, 6.60
12.75, 4053, 130, 102.31, 6.60
12.80, 4059, 129, 102.31, 6.60
12.85, 4067, 126, 102.31, 6.60
12.90, 4072, 124, 102.31, 6.60
12.95, 4079, 120, 102.31, 6.60
13.00, 4084, 115, 102.31, 6.60
13.05, 4091, 111, 102.31, 6.60
13.10, 4095, 107, 102.31, 6.60
13.15, 4099, 106, 102.31, 6.60
13.20, 4105, 106, 102.31, 6.60
13.25, 4111, 107, 102.31, 6.60
13.30, 4115, 109, 102.31, 6.60
13.35, 4122, 108, 102.31, 6.60
13.40, 4129, 107, 102.31, 6.60
13.45, 4132, 105, 102.31, 6.60
13.50, 4137, 102, 102.31, 6.60
13.55, 4142, 101, 102.31, 6.60
13.60, 4148, 100, 102.31, 6.60
13.65, 4152, 100, 102.31, 6.60
13.70, 4157, 100, 102.31, 6.60
13.75, 4163, 100, 102.31, 6.60
13.80, 4168, 99, 102.31, 6.60
13.85, 4172, 98, 102.31, 6.60
13.90, 4177, 97, 102.31, 6.60
13.95, 4182, 95, 102.31, 6.60
14.00, 4187, 93, 102.31, 6.60
14.05, 4192, 91, 102.31, 6.60
14.10, 4195, 89, 102.31, 6.60
14.15, 4200, 88, 102.31, 6.60
14.20, 4204, 87, 102.31, 6.60
14.25, 4209, 85, 102.31, 6.60
14.30, 4213, 83, 102.31, 6.60
14.35, 4218, 79, 102.31, 6.60
14.40, 4220, 75, 102.31, 6.60
14.45, 4225, 72, 102.29, 6.60
14.50, 4227, 69, 102.31, 6.60
14.55, 4231, 68, 102.29, 6.60
14.60, 4234, 68, 102.31, 6.60
14.65, 4237, 68, 102.31, 6.60
14.70, 4241, 68, 102.29, 6.60
14.75, 4245, 67, 102.29, 6.60
14.80, 4248, 65, 102.31, 6.60
14.85, 4251, 61, 102.29, 6.60
14.90, 4254, 57, 102.29, 6.60
14.95, 4257, 53, 102.31, 6.60
15.00, 4259, 49, 102.31, 6.60
15.05, 4261, 46, 102.29, 6.60
15.10, 4263, 44, 102.29, 6.60
15.15, 4264, 44, 102.31, 6.60
15.20, 4268, 44, 102.31, 6.60
15.25, 4270, 44, 102.31, 6.60
15.30, 4272, 45, 102.31, 6.60
15.35, 4273, 45, 102.31, 6.60
15.40, 4277, 45, 102.31, 6.60
15.45, 4278, 45, 102.29, 6.60
15.50, 4282, 43, 102.31, 6.60
15.55, 4283, 40, 102.29, 6.60
15.60, 4285, 38, 102.29, 6.60
15.65, 4286, 34, 102.31, 6.60
15.70, 4289, 32, 102.31, 6.60
15.75, 4289, 31, 102.31, 6.60
15.80, 4291, 30, 102.29, 6.60
15.85, 4292, 30, 102.31, 6.60
15.90, 4294, 28, 102.29, 6.60
15.95, 4297, 25, 102.29, 6.60
16.00, 4296, 21, 102.29, 6.60
16.05, 4298, 18, 102.31, 6.60
16.10, 4297, 15, 102.29, 6.60
16.15, 4298, 15, 102.31, 6.60
16.20, 4300, 16, 102.29, 6.60
16.25, 4299, 18, 102.31, 6.60
16.30, 4301, 18, 102.31, 6.60
16.35, 4303, 17, 102.29, 6.60
16.40, 4304, 15, 102.29, 6.60
16.45, 4303, 13, 102.31, 6.60
16.50, 4304, 10, 102.31, 6.60
16.55, 4305, 8, 102.31, 6.60
16.60, 4304, 7, 102.31, 6.60
16.65, 4305, 7, 102.31, 6.60
16.70, 4305, 6, 102.31, 6.60
16.75, 4306, 5, 102.29, 6.60
16.80, 4307, 1, 102.31, 6.60
16.85, 4306, -1, 102.31, 6.60
16.90, 4305, -4, 102.31, 6.60
16.95, 4305, -5, 102.31, 6.60
17.00, 4305, -5, 102.31, 6.60
17.05, 4303, -3, 102.31, 6.60
17.10, 4305, -3, 102.31, 6.60
17.15, 4305, -3, 102.31, 6.60
17.20, 4305, -5, 102.31, 6.60
17.25, 4304, -9, 102.31, 6.60
17.30, 4304, -12, 102.31, 6.60
17.35, 4302, -15, 102.31, 6.60
17.40, 4302, -18, 102.31, 6.60
17.45, 4300, -20, 102.31, 6.60
17.50, 4300, -21, 102.31, 6.60
17.55, 4298, -22, 102.31, 6.60
17.60, 4298, -23, 102.31, 6.60
17.65, 4295, -23, 102.33, 6.60
17.70, 4295, -23, 102.31, 6.60
17.75, 4294, -14, 102.31, 6.60
17.80, 4292, 8, 102.31, 6.60
17.85, 4291, 25, 102.31, 6.60
17.90, 1402, 28, 102.31, 6.60
17.95, 3616, -3, 102.31, 6.60
18.00, 4323, -82, 102.25, 6.60
18.05, 4334, -175, 102.22, 6.60
18.10, 4269, -245, 102.16, 6.60
18.15, 4231, -268, 102.13, 6.60
18.20, 4220, -218, 102.06, 6.60
18.25, 4224, -117, 102.02, 6.60
18.30, 4240, -13, 101.97, 6.60
18.35, 4239, 60, 101.93, 6.60
18.40, 4254, 78, 101.89, 6.60
18.45, 4266, 43, 101.86, 6.60
18.50, 4265, -14, 101.86, 6.60
18.55, 4254, -67, 101.84, 6.60
18.60, 4228, -94, 101.82, 6.60
18.65, 4226, -97, 101.80, 6.60
18.70, 4234, -83, 101.79, 6.60
18.75, 4231, -63, 101.77, 6.60
18.80, 4226, -55, 101.79, 6.60
18.85, 4228, -63, 101.79, 6.60
18.90, 4221, -79, 101.80, 6.60
18.95, 4218, -101, 101.80, 6.60
19.00, 4210, -114, 101.80, 6.60
19.05, 4204, -112, 101.80, 6.60
19.10, 4192, -97, 101.80, 6.60
19.15, 4183, -73, 101.80, 6.60
19.20, 4176, -53, 101.84, 6.60
19.25, 4173, -40, 101.82, 6.60
19.30, 4170, -36, 101.80, 6.60
19.35, 4166, -37, 101.82, 6.60
19.40, 4165, -39, 101.84, 6.60
19.45, 4160, -38, 101.84, 6.60
19.50, 4159, -36, 101.84, 6.60
19.55, 4155, -33, 101.84, 6.60
19.60, 4152, -29, 101.84, 6.60
19.65, 4148, -25, 101.84, 6.60
19.70, 4147, -23, 101.84, 6.60
19.75, 4144, -21, 101.84, 6.60
19.80, 4144, -19, 101.84, 6.60
19.85, 4144, -18, 101.84, 6.60
19.90, 4145, -17, 101.84, 6.60
19.95, 4148, -15, 101.84, 6.60
20.00, 4159, -13, 101.84, 6.60
20.05, 4153, -10, 101.84, 6.60
20.10, 4158, -8, 101.84, 6.60
20.15, 4164, -8, 101.84, 6.60
20.20, 4163, -9, 101.84, 6.60
20.25, 4165, -13, 101.84, 6.60
20.30, 4168, -17, 101.84, 6.60
20.35, 4173, -22, 101.84, 6.60
20.40, 4182, -24, 101.84, 6.60
20.45, 4193, -24, 101.84, 6.60
20.50, 4185, -23, 101.84, 6.60
20.55, 4182, -19, 101.82, 6.60
20.60, 4180, -15, 101.82, 6.60
20.65, 4182, -12, 101.82, 6.60
20.70, 4197, -10, 101.82, 6.60
20.75, 4194, -10, 101.84, 6.60
20.80, 4186, -11, 101.82, 6.60
20.85, 4184, -15, 101.84, 6.60
20.90, 4190, -19, 101.80, 6.60
20.95, 4186, -23, 101.84, 6.60
21.00, 4182, -27, 101.80, 6.60
21.05, 4180, -29, 101.80, 6.60
21.10, 4175, -32, 101.80, 6.60
21.15, 4170, -34, 101.80, 6.60
21.20, 4153, -35, 101.80, 6.60
21.25, 4130, -37, 101.80, 6.60
21.30, 4118, -39, 101.80, 6.60
21.35, 4112, -42, 101.80, 6.60
21.40, 4107, -45, 101.80, 6.60
21.45, 4111, -49, 101.80, 6.60
21.50, 4115, -53, 101.80, 6.60
21.55, 4122, -57, 101.79, 6.60
21.60, 4128, -63, 101.80, 6.60
21.65, 4136, -68, 101.79, 6.60
21.70, 4133, -73, 101.80, 6.60
21.75, 4125, -76, 101.79, 6.60
21.80, 4116, -77, 101.80, 6.60
21.85, 4106, -76, 101.79, 6.60
21.90, 4104, -73, 101.79, 6.60
21.95, 4099, -69, 101.79, 6.60
22.00, 4099, -63, 101.77, 6.60
22.05, 4097, -58, 101.80, 6.60
22.10, 4096, -53, 101.79, 6.60
22.15, 4093, -49, 101.79, 6.60
22.20, 4093, -46, 101.79, 6.60
22.25, 4094, -43, 101.77, 6.60
22.30, 4095, -41, 101.77, 6.60
22.35, 4095, -39, 101.77, 6.60
22.40, 4095, -38, 101.77, 6.60
22.45, 4086, -39, 101.77, 6.60
22.50, 4072, -41, 101.79, 6.60
22.55, 4061, -44, 101.77, 6.60
22.60, 4052, -47, 101.77, 6.60
22.65, 4042, -49, 101.77, 6.60
22.70, 4038, -49, 101.77, 6.60
22.75, 4035, -47, 101.77, 6.60
22.80, 4033, -44, 101.77, 6.60
22.85, 4039, -42, 101.77, 6.60
22.90, 4046, -43, 101.77, 6.60
22.95, 4060, -48, 101.75, 6.60
23.00, 4071, -55, 101.75, 6.60
23.05, 4076, -62, 101.77, 6.60
23.10, 4075, -68, 101.75, 6.60
23.15, 4061, -71, 101.75, 6.60
23.20, 4046, -73, 101.75, 6.60
23.25, 4039, -74, 101.75, 6.60
23.30, 4039, -74, 101.75, 6.60
23.35, 4038, -74, 101.75, 6.60
23.40, 4037, -72, 101.75, 6.60
23.45, 4040, -69, 101.75, 6.60
23.50, 4035, -65, 101.75, 6.60
23.55, 4034, -61, 101.75, 6.60
23.60, 4033, -56, 101.75, 6.60
23.65, 4029, -52, 101.75, 6.60
23.70, 4030, -49, 101.75, 6.60
23.75, 4028, -46, 101.75, 6.60
23.80, 4035, -45, 101.75, 6.60
23.85, 4040, -46, 101.75, 6.60
23.90, 4017, -48, 101.75, 6.60
23.95, 3986, -51, 101.75, 6.60
24.00, 3968, -54, 101.75, 6.60
24.05, 3957, -54, 101.73, 6.60
24.10, 3951, -54, 101.75, 6.60
24.15, 3950, -52, 101.73, 6.60
24.20, 3950, -50, 101.73, 6.60
24.25, 3949, -50, 101.71, 6.60
24.30, 3948, -51, 101.71, 6.60
24.35, 3949, -53, 101.71, 6.60
24.40, 3948, -55, 101.71, 6.60
24.45, 3945, -56, 101.71, 6.60
24.50, 3940, -57, 101.71, 6.60
24.55, 3944, -56, 101.71, 6.60
24.60, 3942, -55, 101.71, 6.60
24.65, 3946, -53, 101.71, 6.60
24.70, 3948, -52, 101.70, 6.60
24.75, 3950, -51, 101.71, 6.60
24.80, 3955, -48, 101.71, 6.60
24.85, 3955, -44, 101.71, 6.60
24.90, 3959, -37, 101.71, 6.60
24.95, 3959, -29, 101.71, 6.60
25.00, 3966, -22, 101.70, 6.60
25.05, 3963, -18, 101.71, 6.60
25.10, 3961, -16, 101.70, 6.60
25.15, 3955, -18, 101.70, 6.60
25.20, 3950, -21, 101.68, 6.60
25.25, 3943, -25, 101.68, 6.60
25.30, 3935, -28, 101.68, 6.60
25.35, 3927, -32, 101.68, 6.60
25.40, 3925, -35, 101.70, 6.60
25.45, 3924, -38, 101.68, 6.60
25.50, 3922, -40, 101.70, 6.60
25.55, 3923, -42, 101.68, 6.60
25.60, 3928, -44, 101.68, 6.60
25.65, 3930, -46, 101.68, 6.60
25.70, 3931, -47, 101.68, 6.60
25.75, 3936, -49, 101.68, 6.60
25.80, 3938, -50, 101.68, 6.60
25.85, 3938, -52, 101.68, 6.60
25.90, 3937, -54, 101.68, 6.60
25.95, 3937, -56, 101.68, 6.60
26.00, 3931, -58, 101.66, 6.60
26.05, 3926, -59, 101.66, 6.60
26.10, 3918, -59, 101.66, 6.60
26.15, 3910, -58, 101.66, 6.60
26.20, 3900, -55, 101.66, 6.60
26.25, 3892, -52, 101.66, 6.60
26.30, 3886, -49, 101.66, 6.60
26.35, 3877, -45, 101.66, 6.60
26.40, 3870, -43, 101.66, 6.60
26.45, 3864, -41, 101.66, 6.60
26.50, 3861, -39, 101.66, 6.60
26.55, 3858, -39, 101.66, 6.60
26.60, 3855, -39, 101.66, 6.60
26.65, 3855, -39, 101.66, 6.60
26.70, 3854, -39, 101.66, 6.60
26.75, 3856, -39, 101.66, 6.60
26.80, 3858, -40, 101.66, 6.60
26.85, 3856, -40, 101.66, 6.60
26.90, 3852, -40, 101.66, 6.60
26.95, 3849, -41, 101.66, 6.60
27.00, 3844, -40, 101.64, 6.60
27.05, 3840, -39, 101.66, 6.60
27.10, 3839, -37, 101.64, 6.60
27.15, 3839, -35, 101.64, 6.60
27.20, 3843, -32, 101.66, 6.60
27.25, 3842, -30, 101.66, 6.60
27.30, 3839, -27, 101.64, 6.60
27.35, 3844, -24, 101.64, 6.60
27.40, 3846, -23, 101.62, 6.60
27.45, 3848, -23, 101.64, 6.60
27.50, 3851, -26, 101.64, 6.60
27.55, 3851, -31, 101.62, 6.60
27.60, 3854, -37, 101.64, 6.60
27.65, 3857, -44, 101.62, 6.60
27.70, 3858, -48, 101.62, 6.60
27.75, 3859, -52, 101.62, 6.60
27.80, 3861, -54, 101.62, 6.60
27.85, 3859, -54, 101.62, 6.60
27.90, 3856, -54, 101.62, 6.60
27.95, 3850, -52, 101.62, 6.60
28.00, 3847, -51, 101.61, 6.60
28.05, 3844, -50, 101.62, 6.60
28.10, 3843, -50, 101.61, 6.60
28.15, 3837, -49, 101.62, 6.60
28.20, 3834, -48, 101.62, 6.60
28.25, 3832, -47, 101.59, 6.60
28.30, 3830, -46, 101.61, 6.60
28.35, 3832, -45, 101.59, 6.60
28.40, 3830, -44, 101.61, 6.60
28.45, 3818, -43, 101.59, 6.60
28.50, 3800, -43, 101.59, 6.60
28.55, 3781, -43, 101.61, 6.60
28.60, 3763, -44, 101.59, 6.60
28.65, 3757, -46, 101.61, 6.60
28.70, 3750, -48, 101.59, 6.60
28.75, 3750, -50, 101.61, 6.60
28.80, 3747, -52, 101.59, 6.60
28.85, 3746, -54, 101.59, 6.60
28.90, 3747, -56, 101.59, 6.60
28.95, 3744, -56, 101.59, 6.60
29.00, 3745, -57, 101.59, 6.60
29.05, 3744, -57, 101.59, 6.60
29.10, 3743, -57, 101.59, 6.60
29.15, 3744, -57, 101.59, 6.60
29.20, 3748, -57, 101.59, 6.60
29.25, 3753, -57, 101.59, 6.60
29.30, 3758, -57, 101.59, 6.60
29.35, 3761, -57, 101.59, 6.60
29.40, 3764, -56, 101.59, 6.60
29.45, 3767, -53, 101.59, 6.60
29.50, 3770, -49, 101.59, 6.60
29.55, 3767, -43, 101.57, 6.60
29.60, 3769, -38, 101.57, 6.60
29.65, 3767, -33, 101.59, 6.60
29.70, 3762, -30, 101.57, 6.60
29.75, 3756, -29, 101.57, 6.60
29.80, 3751, -28, 101.57, 6.60
29.85, 3745, -27, 101.57, 6.60
29.90, 3741, -27, 101.57, 6.60
29.95, 3735, -27, 101.57, 6.60
30.00, 3733, -26, 101.57, 6.60
30.05, 3729, -26, 101.57, 6.60
30.10, 3729, -27, 101.57, 6.60
30.15, 3725, -29, 101.57, 6.60
30.20, 3721, -31, 101.57, 6.60
30.25, 3717, -34, 101.57, 6.60
30.30, 3715, -37, 101.57, 6.60
30.35, 3724, -40, 101.57, 6.60
30.40, 3705, -42, 101.57, 6.60
30.45, 3701, -44, 101.57, 6.60
30.50, 3695, -45, 101.57, 6.60
30.55, 3697, -45, 101.55, 6.60
30.60, 3695, -45, 101.57, 6.60
30.65, 3697, -44, 101.55, 6.60
30.70, 3696, -42, 101.57, 6.60
30.75, 3693, -40, 101.57, 6.60
30.80, 3691, -37, 101.55, 6.60
30.85, 3692, -35, 101.57, 6.60
30.90, 3695, -33, 101.57, 6.60
30.95, 3696, -32, 101.53, 6.60
31.00, 3692, -32, 101.57, 6.60
31.05, 3692, -33, 101.55, 6.60
31.10, 3693, -34, 101.53, 6.60
31.15, 3690, -35, 101.53, 6.60
31.20, 3687, -36, 101.55, 6.60
31.25, 3684, -37, 101.53, 6.60
31.30, 3682, -37, 101.53, 6.60
31.35, 3680, -37, 101.55, 6.60
31.40, 3680, -36, 101.53, 6.60
31.45, 3677, -36, 101.53, 6.60
31.50, 3679, -36, 101.53, 6.60
31.55, 3680, -38, 101.53, 6.60
31.60, 3680, -40, 101.53, 6.60
31.65, 3679, -41, 101.53, 6.60
31.70, 3678, -43, 101.53, 6.60
31.75, 3678, -45, 101.53, 6.60
31.80, 3679, -46, 101.53, 6.60
31.85, 3678, -48, 101.53, 6.60
31.90, 3674, -48, 101.53, 6.60
31.95, 3672, -48, 101.52, 6.60
32.00, 3668, -48, 101.53, 6.60
32.05, 3661, -48, 101.53, 6.60
32.10, 3656, -47, 101.52, 6.60
32.15, 3651, -46, 101.50, 6.60
32.20, 3645, -46, 101.53, 6.60
32.25, 3643, -46, 101.52, 6.60
32.30, 3642, -46, 101.52, 6.60
32.35, 3640, -47, 101.52, 6.60
32.40, 3634, -50, 101.52, 6.60
32.45, 3629, -53, 101.50, 6.60
32.50, 3623, -57, 101.50, 6.60
32.55, 3617, -61, 101.52, 6.60
32.60, 3617, -65, 101.52, 6.60
32.65, 3610, -70, 101.50, 6.60
32.70, 3604, -73, 101.50, 6.60
32.75, 3601, -77, 101.50, 6.60
32.80, 3597, -80, 101.50, 6.60
32.85, 3601, -82, 101.50, 6.60
32.90, 3599, -83, 101.50, 6.60
32.95, 3599, -84, 101.50, 6.60
33.00, 3601, -84, 101.50, 6.60
33.05, 3600, -83, 101.50, 6.60
33.10, 3598, -81, 101.50, 6.60
33.15, 3598, -79, 101.50, 6.60
33.20, 3598, -78, 101.50, 6.60
33.25, 3595, -76, 101.50, 6.60
33.30, 3590, -75, 101.50, 6.60
33.35, 3584, -74, 101.48, 6.60
33.40, 3578, -73, 101.48, 6.60
33.45, 3569, -72, 101.48, 6.60
33.50, 3561, -70, 101.48, 6.60
33.55, 3551, -68, 101.48, 6.60
33.60, 3541, -67, 101.48, 6.60
33.65, 3534, -65, 101.50, 6.60
33.70, 3530, -64, 101.48, 6.60
33.75, 3522, -62, 101.48, 6.60
33.80, 3515, -61, 101.48, 6.60
33.85, 3510, -61, 101.48, 6.60
33.90, 3504, -60, 101.48, 6.60
33.95, 3502, -60, 101.48, 6.60
34.00, 3499, -59, 101.48, 6.60
34.05, 3497, -58, 101.48, 6.60
34.10, 3496, -57, 101.48, 6.60
34.15, 3497, -55, 101.48, 6.60
34.20, 3496, -53, 101.48, 6.60
34.25, 3494, -51, 101.48, 6.60
34.30, 3493, -48, 101.48, 6.60
34.35, 3491, -46, 101.48, 6.60
34.40, 3489, -43, 101.48, 6.60
34.45, 3487, -39, 101.48, 6.60
34.50, 3486, -36, 101.48, 6.60
34.55, 3483, -32, 101.48, 6.60
34.60, 3482, -29, 101.46, 6.60
34.65, 3480, -26, 101.46, 6.60
34.70, 3482, -23, 101.48, 6.60
34.75, 3481, -19, 101.46, 6.60
34.80, 3480, -16, 101.44, 6.60
34.85, 3481, -13, 101.44, 6.60
34.90, 3482, -11, 101.46, 6.60
34.95, 3483, -10, 101.44, 6.60
35.00, 3488, -10, 101.44, 6.60
35.05, 3486, -11, 101.44, 6.60
35.10, 3490, -12, 101.44, 6.60
35.15, 3494, -14, 101.44, 6.60
35.20, 3494, -16, 101.44, 6.60
35.25, 3496, -18, 101.44, 6.60
35.30, 3495, -21, 101.44, 6.60
35.35, 3492, -24, 101.44, 6.60
35.40, 3492, -28, 101.43, 6.60
35.45, 3491, -31, 101.44, 6.60
35.50, 3489, -34, 101.43, 6.60
35.55, 3488, -36, 101.44, 6.60
35.60, 3481, -38, 101.44, 6.60
35.65, 3482, -39, 101.44, 6.60
35.70, 3485, -41, 101.43, 6.60
35.75, 3486, -42, 101.43, 6.60
35.80, 3487, -42, 101.41, 6.60
35.85, 3484, -43, 101.43, 6.60
35.90, 3484, -44, 101.41, 6.60
35.95, 3480, -45, 101.43, 6.60
36.00, 3479, -46, 101.41, 6.60
36.05, 3476, -47, 101.41, 6.60
36.10, 3470, -48, 101.41, 6.60
36.15, 3465, -49, 101.41, 6.60
36.20, 3460, -49, 101.41, 6.60
36.25, 3452, -50, 101.41, 6.60
36.30, 3446, -49, 101.41, 6.60
36.35, 3434, -48, 101.41, 6.60
36.40, 3426, -47, 101.41, 6.60
36.45, 3417, -46, 101.41, 6.60
36.50, 3413, -47, 101.41, 6.60
36.55, 3408, -47, 101.41, 6.60
36.60, 3402, -49, 101.41, 6.60
36.65, 3402, -52, 101.39, 6.60
36.70, 3398, -55, 101.41, 6.60
36.75, 3398, -58, 101.41, 6.60
36.80, 3396, -61, 101.41, 6.60
36.85, 3398, -62, 101.41, 6.60
36.90, 3396, -63, 101.41, 6.60
36.95, 3395, -63, 101.41, 6.60
37.00, 3397, -63, 101.41, 6.60
37.05, 3397, -62, 101.41, 6.60
37.10, 3397, -61, 101.39, 6.60
37.15, 3398, -59, 101.39, 6.60
37.20, 3396, -57, 101.41, 6.60
37.25, 3397, -54, 101.41, 6.60
37.30, 3399, -50, 101.39, 6.60
37.35, 3402, -47, 101.39, 6.60
37.40, 3402, -43, 101.39, 6.60
37.45, 3399, -39, 101.39, 6.60
37.50, 3399, -37, 101.39, 6.60
37.55, 3389, -34, 101.39, 6.60
37.60, 3382, -33, 101.39, 6.60
37.65, 3378, -32, 101.39, 6.60
37.70, 3367, -31, 101.39, 6.60
37.75, 3362, -31, 101.39, 6.60
37.80, 3365, -32, 101.39, 6.60
37.85, 3361, -33, 101.39, 6.60
37.90, 3356, -35, 101.39, 6.60
37.95, 3352, -38, 101.39, 6.60
38.00, 3351, -41, 101.39, 6.60
38.05, 3351, -46, 101.39, 6.60
38.10, 3351, -52, 101.39, 6.60
38.15, 3347, -58, 101.39, 6.60
38.20, 3347, -64, 101.37, 6.60
38.25, 3345, -70, 101.39, 6.60
38.30, 3343, -75, 101.39, 6.60
38.35, 3344, -78, 101.39, 6.60
38.40, 3343, -79, 101.39, 6.60
38.45, 3343, -78, 101.39, 6.60
38.50, 3342, -75, 101.37, 6.60
38.55, 3340, -71, 101.35, 6.60
38.60, 3341, -66, 101.37, 6.60
38.65, 3341, -61, 101.37, 6.60
38.70, 3338, -56, 101.37, 6.60
38.75, 3336, -50, 101.35, 6.60
38.80, 3334, -46, 101.35, 6.60
38.85, 3329, -41, 101.37, 6.60
38.90, 3324, -37, 101.35, 6.60
38.95, 3321, -35, 101.35, 6.60
39.00, 3311, -33, 101.35, 6.60
39.05, 3296, -33, 101.35, 6.60
39.10, 3284, -33, 101.35, 6.60
39.15, 3273, -34, 101.35, 6.60
39.20, 3260, -36, 101.35, 6.60
39.25, 3249, -39, 101.35, 6.60
39.30, 3240, -43, 101.35, 6.60
39.35, 3242, -48, 101.35, 6.60
39.40, 3245, -52, 101.35, 6.60
39.45, 3251, -55, 101.35, 6.60
39.50, 3248, -57, 101.34, 6.60
39.55, 3251, -57, 101.35, 6.60
39.60, 3256, -56, 101.35, 6.60
39.65, 3260, -53, 101.35, 6.60
39.70, 3267, -50, 101.34, 6.60
39.75, 3275, -46, 101.34, 6.60
39.80, 3282, -43, 101.34, 6.60
39.85, 3285, -40, 101.34, 6.60
39.90, 3290, -39, 101.34, 6.60
39.95, 3291, -38, 101.32, 6.60
40.00, 3288, -37, 101.35, 6.60
40.05, 3286, -34, 101.32, 6.60
40.10, 3283, -30, 101.32, 6.60
40.15, 3279, -25, 101.34, 6.60
40.20, 3271, -19, 101.34, 6.60
40.25, 3261, -13, 101.34, 6.60
40.30, 3250, -10, 101.32, 6.60
40.35, 3239, -9, 101.32, 6.60
40.40, 3230, -12, 101.32, 6.60
40.45, 3226, -17, 101.34, 6.60
40.50, 3229, -24, 101.32, 6.60
40.55, 3230, -33, 101.34, 6.60
40.60, 3233, -41, 101.34, 6.60
40.65, 3239, -49, 101.32, 6.60
40.70, 3246, -57, 101.32, 6.60
40.75, 3252, -63, 101.32, 6.60
40.80, 3254, -69, 101.32, 6.60
40.85, 3254, -74, 101.32, 6.60
40.90, 3248, -78, 101.32, 6.60
40.95, 3232, -80, 101.30, 6.60
41.00, 3222, -82, 101.32, 6.60
41.05, 3223, -83, 101.32, 6.60
41.10, 3221, -83, 101.32, 6.60
41.15, 3223, -81, 101.32, 6.60
41.20, 3227, -78, 101.30, 6.60
41.25, 3229, -74, 101.30, 6.60
41.30, 3237, -70, 101.30, 6.60
41.35, 3231, -67, 101.30, 6.60
41.40, 3219, -64, 101.32, 6.60
41.45, 3204, -64, 101.30, 6.60
41.50, 3185, -65, 101.30, 6.60
41.55, 3173, -67, 101.30, 6.60
41.60, 3165, -70, 101.30, 6.60
41.65, 3154, -73, 101.30, 6.60
41.70, 3148, -76, 101.30, 6.60
41.75, 3144, -79, 101.30, 6.60
41.80, 3140, -80, 101.30, 6.60
41.85, 3135, -80, 101.30, 6.60
41.90, 3129, -78, 101.30, 6.60
41.95, 3128, -75, 101.30, 6.60
42.00, 3124, -72, 101.30, 6.60
42.05, 3117, -71, 101.30, 6.60
42.10, 3115, -72, 101.30, 6.60
42.15, 3115, -74, 101.30, 6.60
42.20, 3116, -76, 101.30, 6.60
42.25, 3115, -78, 101.30, 6.60
42.30, 3111, -78, 101.30, 6.60
42.35, 3113, -76, 101.30, 6.60
42.40, 3108, -72, 101.30, 6.60
42.45, 3103, -67, 101.28, 6.60
42.50, 3100, -61, 101.28, 6.60
42.55, 3099, -55, 101.30, 6.60
42.60, 3097, -49, 101.28, 6.60
42.65, 3097, -43, 101.30, 6.60
42.70, 3093, -38, 101.28, 6.60
42.75, 3093, -32, 101.28, 6.60
42.80, 3093, -27, 101.26, 6.60
42.85, 3087, -22, 101.26, 6.60
42.90, 3091, -18, 101.26, 6.60
42.95, 3091, -14, 101.26, 6.60
43.00, 3089, -11, 101.26, 6.60
43.05, 3083, -9, 101.28, 6.60
43.10, 3078, -8, 101.26, 6.60
43.15, 3075, -9, 101.26, 6.60
43.20, 3076, -11, 101.26, 6.60
43.25, 3077, -13, 101.25, 6.60
43.30, 3079, -16, 101.26, 6.60
43.35, 3074, -18, 101.25, 6.60
43.40, 3074, -21, 101.26, 6.60
43.45, 3067, -23, 101.26, 6.60
43.50, 3067, -24, 101.25, 6.60
43.55, 3069, -26, 101.25, 6.60
43.60, 3071, -26, 101.26, 6.60
43.65, 3075, -26, 101.23, 6.60
43.70, 3082, -26, 101.23, 6.60
43.75, 3086, -25, 101.26, 6.60
43.80, 3093, -24, 101.25, 6.60
43.85, 3098, -23, 101.25, 6.60
43.90, 3100, -23, 101.25, 6.60
43.95, 3108, -22, 101.23, 6.60
44.00, 3104, -22, 101.23, 6.60
44.05, 3103, -23, 101.23, 6.60
44.10, 3098, -24, 101.23, 6.60
44.15, 3096, -26, 101.23, 6.60
44.20, 3092, -29, 101.23, 6.60
44.25, 3083, -32, 101.23, 6.60
44.30, 3074, -35, 101.25, 6.60
44.35, 3064, -37, 101.23, 6.60
44.40, 3060, -38, 101.23, 6.60
44.45, 3054, -39, 101.23, 6.60
44.50, 3046, -40, 101.23, 6.60
44.55, 3041, -41, 101.21, 6.60
44.60, 3044, -43, 101.23, 6.60
44.65, 3044, -46, 101.21, 6.60
44.70, 3045, -50, 101.23, 6.60
44.75, 3044, -53, 101.23, 6.60
44.80, 3047, -56, 101.23, 6.60
44.85, 3048, -59, 101.23, 6.60
44.90, 3045, -62, 101.21, 6.60
44.95, 3044, -63, 101.21, 6.60
45.00, 3041, -64, 101.21, 6.60
45.05, 3037, -65, 101.21, 6.60
45.10, 3030, -65, 101.21, 6.60
45.15, 3020, -65, 101.21, 6.60
45.20, 3011, -64, 101.21, 6.60
45.25, 3005, -63, 101.21, 6.60
45.30, 3001, -61, 101.21, 6.60
45.35, 2998, -59, 101.21, 6.60
45.40, 2994, -56, 101.21, 6.60
45.45, 2991, -54, 101.21, 6.60
45.50, 2990, -53, 101.21, 6.60
45.55, 2989, -53, 101.21, 6.60
45.60, 2987, -53, 101.21, 6.60
45.65, 2983, -54, 101.21, 6.60
45.70, 2983, -55, 101.19, 6.60
45.75, 2982, -56, 101.21, 6.60
45.80, 2981, -57, 101.21, 6.60
45.85, 2980, -57, 101.19, 6.60
45.90, 2977, -55, 101.19, 6.60
45.95, 2979, -53, 101.19, 6.60
46.00, 2978, -50, 101.21, 6.60
46.05, 2974, -46, 101.21, 6.60
46.10, 2967, -41, 101.21, 6.60
46.15, 2961, -36, 101.21, 6.60
46.20, 2959, -32, 101.19, 6.60
46.25, 2954, -28, 101.19, 6.60
46.30, 2951, -26, 101.19, 6.60
46.35, 2948, -25, 101.19, 6.60
46.40, 2950, -25, 101.17, 6.60
46.45, 2946, -26, 101.17, 6.60
46.50, 2942, -29, 101.17, 6.60
46.55, 2941, -33, 101.17, 6.60
46.60, 2939, -38, 101.17, 6.60
46.65, 2935, -44, 101.17, 6.60
46.70, 2935, -50, 101.17, 6.60
46.75, 2934, -56, 101.17, 6.60
46.80, 2934, -61, 101.17, 6.60
46.85, 2935, -65, 101.17, 6.60
46.90, 2937, -67, 101.17, 6.60
46.95, 2942, -67, 101.17, 6.60
47.00, 2945, -66, 101.17, 6.60
47.05, 2946, -65, 101.17, 6.60
47.10, 2950, -62, 101.17, 6.60
47.15, 2954, -60, 101.16, 6.60
47.20, 2953, -59, 101.17, 6.60
47.25, 2954, -58, 101.16, 6.60
47.30, 2952, -58, 101.16, 6.60
47.35, 2949, -58, 101.17, 6.60
47.40, 2943, -58, 101.17, 6.60
47.45, 2938, -58, 101.16, 6.60
47.50, 2928, -58, 101.17, 6.60
47.55, 2914, -59, 101.14, 6.60
47.60, 2902, -59, 101.17, 6.60
47.65, 2886, -60, 101.14, 6.60
47.70, 2869, -61, 101.14, 6.60
47.75, 2856, -62, 101.17, 6.60
47.80, 2849, -64, 101.16, 6.60
47.85, 2847, -67, 101.14, 6.60
47.90, 2844, -70, 101.16, 6.60
47.95, 2844, -73, 101.14, 6.60
48.00, 2844, -75, 101.14, 6.60
48.05, 2851, -78, 101.14, 6.60
48.10, 2844, -80, 101.14, 6.60
48.15, 2847, -82, 101.14, 6.60
48.20, 2842, -84, 101.14, 6.60
48.25, 2840, -84, 101.14, 6.60
48.30, 2838, -84, 101.14, 6.60
48.35, 2834, -84, 101.14, 6.60
48.40, 2833, -82, 101.12, 6.60
48.45, 2829, -80, 101.14, 6.60
48.50, 2827, -77, 101.12, 6.60
48.55, 2823, -72, 101.14, 6.60
48.60, 2819, -67, 101.14, 6.60
48.65, 2819, -61, 101.14, 6.60
48.70, 2813, -56, 101.14, 6.60
48.75, 2810, -52, 101.12, 6.60
48.80, 2805, -49, 101.14, 6.60
48.85, 2802, -48, 101.12, 6.60
48.90, 2800, -47, 101.12, 6.60
48.95, 2796, -48, 101.12, 6.60
49.00, 2795, -49, 101.12, 6.60
49.05, 2793, -49, 101.12, 6.60
49.10, 2790, -49, 101.12, 6.60
49.15, 2788, -48, 101.12, 6.60
49.20, 2788, -45, 101.12, 6.60
49.25, 2788, -41, 101.12, 6.60
49.30, 2783, -37, 101.12, 6.60
49.35, 2780, -33, 101.12, 6.60
49.40, 2778, -30, 101.12, 6.60
49.45, 2775, -29, 101.12, 6.60
49.50, 2772, -29, 101.12, 6.60
49.55, 2769, -32, 101.12, 6.60
49.60, 2766, -35, 101.12, 6.60
49.65, 2765, -40, 101.12, 6.60
49.70, 2761, -43, 101.12, 6.60
49.75, 2757, -46, 101.12, 6.60
49.80, 2754, -48, 101.12, 6.60
49.85, 2756, -49, 101.12, 6.60
49.90, 2753, -50, 101.12, 6.60
49.95, 2747, -50, 101.12, 6.60
50.00, 2751, -50, 101.12, 6.60
50.05, 2750, -50, 101.10, 6.60
50.10, 2747, -50, 101.12, 6.60
50.15, 2753, -49, 101.10, 6.60
50.20, 2758, -49, 101.12, 6.60
50.25, 2765, -48, 101.12, 6.60
50.30, 2773, -48, 101.12, 6.60
50.35, 2780, -47, 101.10, 6.60
50.40, 2778, -47, 101.08, 6.60
50.45, 2774, -47, 101.08, 6.60
50.50, 2765, -46, 101.08, 6.60
50.55, 2752, -46, 101.08, 6.60
50.60, 2741, -46, 101.10, 6.60
50.65, 2725, -45, 101.10, 6.60
50.70, 2715, -45, 101.08, 6.60
50.75, 2707, -45, 101.08, 6.60
50.80, 2707, -45, 101.08, 6.60
50.85, 2702, -45, 101.07, 6.60
50.90, 2700, -46, 101.08, 6.60
50.95, 2698, -46, 101.08, 6.60
51.00, 2694, -47, 101.08, 6.60
51.05, 2693, -48, 101.08, 6.60
51.10, 2693, -50, 101.08, 6.60
51.15, 2692, -52, 101.08, 6.60
51.20, 2692, -56, 101.08, 6.60
51.25, 2691, -59, 101.08, 6.60
51.30, 2689, -63, 101.07, 6.60
51.35, 2686, -66, 101.08, 6.60
51.40, 2684, -67, 101.08, 6.60
51.45, 2681, -67, 101.08, 6.60
51.50, 2679, -64, 101.07, 6.60
51.55, 2677, -60, 101.08, 6.60
51.60, 2676, -56, 101.07, 6.60
51.65, 2674, -51, 101.07, 6.60
51.70, 2671, -47, 101.07, 6.60
51.75, 2671, -45, 101.07, 6.60
51.80, 2663, -43, 101.08, 6.60
51.85, 2662, -42, 101.07, 6.60
51.90, 2661, -42, 101.05, 6.60
51.95, 2659, -42, 101.07, 6.60
52.00, 2654, -41, 101.08, 6.60
52.05, 2656, -41, 101.07, 6.60
52.10, 2654, -41, 101.05, 6.60
52.15, 2652, -41, 101.07, 6.60
52.20, 2650, -42, 101.05, 6.60
52.25, 2647, -42, 101.05, 6.60
52.30, 2644, -42, 101.05, 6.60
52.35, 2641, -41, 101.05, 6.60
52.40, 2640, -40, 101.05, 6.60
52.45, 2636, -39, 101.05, 6.60
52.50, 2632, -38, 101.05, 6.60
52.55, 2631, -36, 101.05, 6.60
52.60, 2628, -35, 101.05, 6.60
52.65, 2627, -33, 101.05, 6.60
52.70, 2626, -32, 101.05, 6.60
52.75, 2622, -30, 101.05, 6.60
52.80, 2619, -29, 101.05, 6.60
52.85, 2618, -28, 101.05, 6.60
52.90, 2617, -27, 101.05, 6.60
52.95, 2615, -27, 101.05, 6.60
53.00, 2615, -28, 101.05, 6.60
53.05, 2612, -30, 101.05, 6.60
53.10, 2612, -32, 101.03, 6.60
53.15, 2610, -35, 101.05, 6.60
53.20, 2607, -38, 101.03, 6.60
53.25, 2609, -41, 101.03, 6.60
53.30, 2605, -43, 101.03, 6.60
53.35, 2603, -45, 101.05, 6.60
53.40, 2605, -47, 101.03, 6.60
53.45, 2605, -47, 101.03, 6.60
53.50, 2607, -47, 101.03, 6.60
53.55, 2607, -47, 101.05, 6.60
53.60, 2608, -46, 101.03, 6.60
53.65, 2611, -46, 101.03, 6.60
53.70, 2611, -45, 101.03, 6.60
53.75, 2610, -45, 101.03, 6.60
53.80, 2610, -46, 101.03, 6.60
53.85, 2609, -46, 101.03, 6.60
53.90, 2606, -46, 101.03, 6.60
53.95, 2604, -47, 101.03, 6.60
54.00, 2597, -47, 101.03, 6.60
54.05, 2591, -47, 101.03, 6.60
54.10, 2586, -48, 101.03, 6.60
54.15, 2577, -48, 101.03, 6.60
54.20, 2566, -48, 101.03, 6.60
54.25, 2557, -48, 101.03, 6.60
54.30, 2552, -49, 100.99, 6.60
54.35, 2546, -49, 101.03, 6.60
54.40, 2542, -50, 101.01, 6.60
54.45, 2540, -51, 100.99, 6.60
54.50, 2537, -52, 101.03, 6.60
54.55, 2542, -54, 101.01, 6.60
54.60, 2539, -55, 101.01, 6.60
54.65, 2536, -57, 101.01, 6.60
54.70, 2534, -58, 101.01, 6.60
54.75, 2531, -59, 101.03, 6.60
54.80, 2529, -60, 101.01, 6.60
54.85, 2524, -61, 101.01, 6.60
54.90, 2526, -61, 100.99, 6.60
54.95, 2523, -61, 100.99, 6.60
55.00, 2521, -59, 100.99, 6.60
55.05, 2518, -58, 101.01, 6.60
55.10, 2516, -55, 100.99, 6.60
55.15, 2514, -52, 100.99, 6.60
55.20, 2514, -49, 100.99, 6.60
55.25, 2511, -47, 100.99, 6.60
55.30, 2508, -44, 100.99, 6.60
55.35, 2507, -42, 100.99, 6.60
55.40, 2505, -41, 100.99, 6.60
55.45, 2506, -41, 100.96, 6.60
55.50, 2502, -41, 100.99, 6.60
55.55, 2501, -43, 100.98, 6.60
55.60, 2498, -44, 100.99, 6.60
55.65, 2498, -45, 100.96, 6.60
55.70, 2494, -45, 100.99, 6.60
55.75, 2492, -46, 100.96, 6.60
55.80, 2490, -46, 100.99, 6.60
55.85, 2487, -46, 100.98, 6.60
55.90, 2482, -46, 100.98, 6.60
55.95, 2480, -47, 100.98, 6.60
56.00, 2478, -47, 100.99, 6.60
56.05, 2476, -48, 100.98, 6.60
56.10, 2473, -49, 100.98, 6.60
56.15, 2472, -50, 100.96, 6.60
56.20, 2469, -50, 100.96, 6.60
56.25, 2466, -51, 100.96, 6.60
56.30, 2464, -52, 100.96, 6.60
56.35, 2465, -52, 100.94, 6.60
56.40, 2463, -53, 100.96, 6.60
56.45, 2461, -54, 100.96, 6.60
56.50, 2457, -55, 100.96, 6.60
56.55, 2450, -55, 100.96, 6.60
56.60, 2449, -55, 100.96, 6.60
56.65, 2444, -55, 100.96, 6.60
56.70, 2442, -55, 100.96, 6.60
56.75, 2440, -55, 100.94, 6.60
56.80, 2435, -54, 100.96, 6.60
56.85, 2436, -54, 100.94, 6.60
56.90, 2433, -53, 100.94, 6.60
56.95, 2428, -53, 100.96, 6.60
57.00, 2426, -52, 100.96, 6.60
57.05, 2422, -52, 100.94, 6.60
57.10, 2415, -52, 100.96, 6.60
57.15, 2413, -52, 100.94, 6.60
57.20, 2413, -52, 100.94, 6.60
57.25, 2409, -52, 100.94, 6.60
57.30, 2406, -52, 100.94, 6.60
57.35, 2401, -52, 100.94, 6.60
57.40, 2397, -53, 100.94, 6.60
57.45, 2394, -53, 100.94, 6.60
57.50, 2394, -52, 100.94, 6.60
57.55, 2391, -51, 100.94, 6.60
57.60, 2388, -50, 100.94, 6.60
57.65, 2387, -50, 100.94, 6.60
57.70, 2384, -50, 100.94, 6.60
57.75, 2384, -50, 100.94, 6.60
57.80, 2381, -50, 100.94, 6.60
57.85, 2380, -49, 100.94, 6.60
57.90, 2377, -49, 100.94, 6.60
57.95, 2377, -48, 100.94, 6.60
58.00, 2375, -48, 100.92, 6.60
58.05, 2371, -47, 100.92, 6.60
58.10, 2369, -46, 100.92, 6.60
58.15, 2369, -46, 100.94, 6.60
58.20, 2368, -46, 100.92, 6.60
58.25, 2364, -46, 100.94, 6.60
58.30, 2362, -46, 100.92, 6.60
58.35, 2359, -45, 100.94, 6.60
58.40, 2356, -44, 100.92, 6.60
58.45, 2356, -44, 100.90, 6.60
58.50, 2350, -43, 100.94, 6.60
58.55, 2351, -43, 100.90, 6.60
58.60, 2348, -43, 100.92, 6.60
58.65, 2346, -44, 100.92, 6.60
58.70, 2344, -44, 100.90, 6.60
58.75, 2338, -45, 100.92, 6.60
58.80, 2338, -46, 100.90, 6.60
58.85, 2336, -46, 100.90, 6.60
58.90, 2334, -47, 100.90, 6.60
58.95, 2332, -47, 100.90, 6.60
59.00, 2330, -47, 100.90, 6.60
59.05, 2328, -47, 100.90, 6.60
59.10, 2324, -47, 100.90, 6.60
59.15, 2321, -47, 100.90, 6.60
59.20, 2318, -48, 100.90, 6.60
59.25, 2315, -48, 100.90, 6.60
59.30, 2315, -48, 100.90, 6.60
59.35, 2313, -48, 100.90, 6.60
59.40, 2310, -48, 100.90, 6.60
59.45, 2308, -48, 100.89, 6.60
59.50, 2306, -49, 100.90, 6.60
59.55, 2304, -49, 100.90, 6.60
59.60, 2304, -49, 100.89, 6.60
59.65, 2299, -49, 100.90, 6.60
59.70, 2297, -49, 100.89, 6.60
59.75, 2291, -50, 100.90, 6.60
59.80, 2289, -50, 100.89, 6.60
59.85, 2286, -51, 100.89, 6.60
59.90, 2282, -51, 100.87, 6.60
59.95, 2281, -51, 100.87, 6.60
60.00, 2283, -51, 100.87, 6.60
60.05, 2278, -52, 100.87, 6.60
60.10, 2277, -52, 100.87, 6.60
60.15, 2272, -52, 100.89, 6.60
60.20, 2271, -52, 100.87, 6.60
60.25, 2270, -52, 100.87, 6.60
60.30, 2266, -52, 100.87, 6.60
60.35, 2263, -52, 100.87, 6.60
60.40, 2261, -52, 100.87, 6.60
60.45, 2255, -52, 100.89, 6.60
60.50, 2253, -51, 100.87, 6.60
60.55, 2253, -51, 100.89, 6.60
60.60, 2251, -51, 100.87, 6.60
60.65, 2248, -51, 100.87, 6.60
60.70, 2242, -51, 100.87, 6.60
60.75, 2239, -50, 100.87, 6.60
60.80, 2236, -49, 100.87, 6.60
60.85, 2233, -49, 100.87, 6.60
60.90, 2233, -49, 100.87, 6.60
60.95, 2230, -49, 100.87, 6.60
61.00, 2227, -50, 100.87, 6.60
61.05, 2221, -50, 100.87, 6.60
61.10, 2223, -50, 100.87, 6.60
61.15, 2217, -50, 100.87, 6.60
61.20, 2216, -49, 100.87, 6.60
61.25, 2211, -49, 100.87, 6.60
61.30, 2210, -49, 100.87, 6.60
61.35, 2210, -48, 100.87, 6.60
61.40, 2208, -47, 100.87, 6.60
61.45, 2207, -46, 100.87, 6.60
61.50, 2205, -46, 100.87, 6.60
61.55, 2202, -46, 100.85, 6.60
61.60, 2200, -46, 100.85, 6.60
61.65, 2197, -45, 100.87, 6.60
61.70, 2195, -45, 100.85, 6.60
61.75, 2193, -44, 100.87, 6.60
61.80, 2189, -44, 100.87, 6.60
61.85, 2189, -44, 100.85, 6.60
61.90, 2187, -44, 100.85, 6.60
61.95, 2183, -44, 100.87, 6.60
62.00, 2181, -45, 100.87, 6.60
62.05, 2179, -45, 100.85, 6.60
62.10, 2177, -45, 100.85, 6.60
62.15, 2175, -45, 100.85, 6.60
62.20, 2172, -45, 100.85, 6.60
62.25, 2170, -45, 100.87, 6.60
62.30, 2168, -45, 100.87, 6.60
62.35, 2170, -45, 100.85, 6.60
62.40, 2166, -45, 100.85, 6.60
62.45, 2165, -45, 100.85, 6.60
62.50, 2164, -45, 100.85, 6.60
62.55, 2159, -44, 100.85, 6.60
62.60, 2158, -43, 100.85, 6.60
62.65, 2156, -42, 100.85, 6.60
62.70, 2153, -41, 100.85, 6.60
62.75, 2151, -39, 100.85, 6.60
62.80, 2148, -38, 100.85, 6.60
62.85, 2146, -37, 100.85, 6.60
62.90, 2143, -37, 100.85, 6.60
62.95, 2139, -37, 100.85, 6.60
63.00, 2136, -38, 100.85, 6.60
63.05, 2134, -40, 100.85, 6.60
63.10, 2129, -43, 100.85, 6.60
63.15, 2126, -46, 100.83, 6.60
63.20, 2126, -49, 100.83, 6.60
63.25, 2125, -52, 100.85, 6.60
63.30, 2122, -53, 100.85, 6.60
63.35, 2120, -54, 100.83, 6.60
63.40, 2118, -53, 100.85, 6.60
63.45, 2119, -52, 100.81, 6.60
63.50, 2115, -51, 100.81, 6.60
63.55, 2114, -50, 100.81, 6.60
63.60, 2114, -50, 100.83, 6.60
63.65, 2114, -50, 100.81, 6.60
63.70, 2117, -50, 100.81, 6.60
63.75, 2117, -50, 100.81, 6.60
63.80, 2116, -50, 100.83, 6.60
63.85, 2116, -50, 100.81, 6.60
63.90, 2113, -50, 100.81, 6.60
63.95, 2110, -50, 100.81, 6.60
64.00, 2103, -50, 100.81, 6.60
64.05, 2094, -50, 100.81, 6.60
64.10, 2085, -50, 100.81, 6.60
64.15, 2076, -50, 100.81, 6.60
64.20, 2065, -51, 100.81, 6.60
64.25, 2061, -51, 100.81, 6.60
64.30, 2060, -52, 100.81, 6.60
64.35, 2064, -52, 100.81, 6.60
64.40, 2065, -53, 100.80, 6.60
64.45, 2065, -53, 100.80, 6.60
64.50, 2065, -53, 100.81, 6.60
64.55, 2059, -54, 100.80, 6.60
64.60, 2057, -54, 100.80, 6.60
64.65, 2059, -55, 100.80, 6.60
64.70, 2053, -55, 100.81, 6.60
64.75, 2050, -56, 100.80, 6.60
64.80, 2051, -57, 100.80, 6.60
64.85, 2044, -57, 100.78, 6.60
64.90, 2043, -57, 100.78, 6.60
64.95, 2040, -56, 100.80, 6.60
65.00, 2034, -54, 100.78, 6.60
65.05, 2035, -51, 100.78, 6.60
65.10, 2029, -47, 100.78, 6.60
65.15, 2026, -44, 100.78, 6.60
65.20, 2024, -42, 100.78, 6.60
65.25, 2022, -40, 100.78, 6.60
65.30, 2017, -40, 100.78, 6.60
65.35, 2014, -41, 100.78, 6.60
65.40, 2015, -42, 100.78, 6.60
65.45, 2012, -43, 100.78, 6.60
65.50, 2010, -44, 100.76, 6.60
65.55, 2009, -43, 100.76, 6.60
65.60, 2009, -42, 100.76, 6.60
65.65, 2008, -41, 100.76, 6.60
65.70, 2008, -39, 100.76, 6.60
65.75, 2004, -38, 100.76, 6.60
65.80, 2002, -37, 100.76, 6.60
65.85, 1999, -35, 100.76, 6.60
65.90, 1998, -34, 100.76, 6.60
65.95, 1996, -32, 100.76, 6.60
66.00, 1994, -31, 100.76, 6.60
66.05, 1993, -31, 100.76, 6.60
66.10, 1991, -30, 100.76, 6.60
66.15, 1988, -30, 100.76, 6.60
66.20, 1988, -30, 100.76, 6.60
66.25, 1985, -31, 100.76, 6.60
66.30, 1983, -32, 100.76, 6.60
66.35, 1981, -33, 100.76, 6.60
66.40, 1979, -35, 100.76, 6.60
66.45, 1975, -37, 100.76, 6.60
66.50, 1977, -39, 100.76, 6.60
66.55, 1976, -42, 100.76, 6.60
66.60, 1976, -43, 100.74, 6.60
66.65, 1978, -44, 100.76, 6.60
66.70, 1976, -45, 100.74, 6.60
66.75, 1977, -45, 100.74, 6.60
66.80, 1977, -45, 100.76, 6.60
66.85, 1976, -45, 100.74, 6.60
66.90, 1977, -45, 100.74, 6.60
66.95, 1976, -45, 100.72, 6.60
67.00, 1975, -44, 100.74, 6.60
67.05, 1971, -43, 100.74, 6.60
67.10, 1969, -43, 100.74, 6.60
67.15, 1967, -42, 100.72, 6.60
67.20, 1962, -41, 100.72, 6.60
67.25, 1956, -39, 100.72, 6.60
67.30, 1952, -38, 100.72, 6.60
67.35, 1945, -37, 100.72, 6.60
67.40, 1939, -36, 100.74, 6.60
67.45, 1933, -36, 100.72, 6.60
67.50, 1928, -36, 100.72, 6.60
67.55, 1923, -36, 100.72, 6.60
67.60, 1920, -37, 100.72, 6.60
67.65, 1918, -38, 100.72, 6.60
67.70, 1915, -39, 100.72, 6.60
67.75, 1914, -40, 100.72, 6.60
67.80, 1913, -42, 100.72, 6.60
67.85, 1909, -43, 100.71, 6.60
67.90, 1907, -45, 100.71, 6.60
67.95, 1909, -46, 100.71, 6.60
68.00, 1909, -47, 100.69, 6.60
68.05, 1906, -47, 100.71, 6.60
68.10, 1908, -47, 100.71, 6.60
68.15, 1907, -46, 100.71, 6.60
68.20, 1909, -44, 100.71, 6.60
68.25, 1909, -42, 100.71, 6.60
68.30, 1910, -40, 100.69, 6.60
68.35, 1908, -37, 100.72, 6.60
68.40, 1907, -34, 100.71, 6.60
68.45, 1907, -31, 100.71, 6.60
68.50, 1906, -29, 100.69, 6.60
68.55, 1905, -27, 100.69, 6.60
68.60, 1904, -25, 100.69, 6.60
68.65, 1899, -24, 100.69, 6.60
68.70, 1899, -23, 100.69, 6.60
68.75, 1897, -22, 100.69, 6.60
68.80, 1893, -21, 100.69, 6.60
68.85, 1890, -21, 100.69, 6.60
68.90, 1884, -21, 100.69, 6.60
68.95, 1881, -21, 100.69, 6.60
69.00, 1880, -22, 100.69, 6.60
69.05, 1876, -24, 100.69, 6.60
69.10, 1875, -26, 100.69, 6.60
69.15, 1874, -29, 100.69, 6.60
69.20, 1874, -32, 100.67, 6.60
69.25, 1873, -35, 100.67, 6.60
69.30, 1872, -39, 100.67, 6.60
69.35, 1872, -43, 100.67, 6.60
69.40, 1875, -46, 100.65, 6.60
69.45, 1872, -50, 100.67, 6.60
69.50, 1872, -53, 100.65, 6.60
69.55, 1870, -56, 100.65, 6.60
69.60, 1875, -58, 100.67, 6.60
69.65, 1869, -59, 100.65, 6.60
69.70, 1872, -60, 100.67, 6.60
69.75, 1871, -60, 100.65, 6.60
69.80, 1868, -59, 100.65, 6.60
69.85, 1869, -58, 100.65, 6.60
69.90, 1869, -56, 100.65, 6.60
69.95, 1866, -55, 100.65, 6.60
70.00, 1862, -55, 100.65, 6.60
70.05, 1858, -54, 100.65, 6.60
70.10, 1851, -53, 100.65, 6.60
70.15, 1845, -53, 100.65, 6.60
70.20, 1842, -53, 100.65, 6.60
70.25, 1834, -53, 100.65, 6.60
70.30, 1826, -54, 100.65, 6.60
70.35, 1817, -55, 100.65, 6.60
70.40, 1809, -56, 100.65, 6.60
70.45, 1800, -56, 100.63, 6.60
70.50, 1792, -57, 100.65, 6.60
70.55, 1787, -58, 100.65, 6.60
70.60, 1783, -59, 100.65, 6.60
70.65, 1781, -59, 100.65, 6.60
70.70, 1776, -60, 100.65, 6.60
70.75, 1780, -61, 100.63, 6.60
70.80, 1776, -62, 100.65, 6.60
70.85, 1775, -63, 100.65, 6.60
70.90, 1775, -63, 100.63, 6.60
70.95, 1773, -63, 100.63, 6.60
71.00, 1772, -63, 100.65, 6.60
71.05, 1770, -63, 100.63, 6.60
71.10, 1772, -62, 100.63, 6.60
71.15, 1771, -61, 100.63, 6.60
71.20, 1769, -59, 100.63, 6.60
71.25, 1769, -57, 100.63, 6.60
71.30, 1765, -55, 100.63, 6.60
71.35, 1763, -52, 100.63, 6.60
71.40, 1763, -48, 100.63, 6.60
71.45, 1762, -45, 100.63, 6.60
71.50, 1759, -42, 100.63, 6.60
71.55, 1757, -40, 100.63, 6.60
71.60, 1757, -39, 100.62, 6.60
71.65, 1752, -39, 100.63, 6.60
71.70, 1750, -38, 100.62, 6.60
71.75, 1750, -39, 100.63, 6.60
71.80, 1746, -39, 100.63, 6.60
71.85, 1743, -39, 100.62, 6.60
71.90, 1741, -39, 100.63, 6.60
71.95, 1738, -39, 100.60, 6.60
72.00, 1735, -39, 100.62, 6.60
72.05, 1732, -40, 100.62, 6.60
72.10, 1727, -40, 100.60, 6.60
72.15, 1723, -41, 100.60, 6.60
72.20, 1721, -41, 100.60, 6.60
72.25, 1717, -42, 100.60, 6.60
72.30, 1715, -42, 100.60, 6.60
72.35, 1716, -42, 100.60, 6.60
72.40, 1715, -42, 100.60, 6.60
72.45, 1712, -42, 100.60, 6.60
72.50, 1712, -42, 100.60, 6.60
72.55, 1709, -42, 100.58, 6.60
72.60, 1705, -42, 100.60, 6.60
72.65, 1704, -42, 100.58, 6.60
72.70, 1703, -43, 100.58, 6.60
72.75, 1700, -43, 100.60, 6.60
72.80, 1700, -44, 100.58, 6.60
72.85, 1699, -44, 100.58, 6.60
72.90, 1696, -44, 100.58, 6.60
72.95, 1694, -44, 100.58, 6.60
73.00, 1695, -44, 100.56, 6.60
73.05, 1695, -43, 100.60, 6.60
73.10, 1691, -41, 100.56, 6.60
73.15, 1689, -40, 100.56, 6.60
73.20, 1686, -39, 100.58, 6.60
73.25, 1683, -39, 100.58, 6.60
73.30, 1682, -38, 100.58, 6.60
73.35, 1683, -38, 100.56, 6.60
73.40, 1679, -39, 100.56, 6.60
73.45, 1679, -39, 100.56, 6.60
73.50, 1675, -38, 100.58, 6.60
73.55, 1674, -38, 100.56, 6.60
73.60, 1672, -37, 100.56, 6.60
73.65, 1668, -36, 100.56, 6.60
73.70, 1664, -36, 100.56, 6.60
73.75, 1662, -35, 100.56, 6.60
73.80, 1657, -35, 100.56, 6.60
73.85, 1654, -34, 100.56, 6.60
73.90, 1649, -34, 100.56, 6.60
73.95, 1649, -34, 100.56, 6.60
74.00, 1648, -35, 100.56, 6.60
74.05, 1646, -35, 100.56, 6.60
74.10, 1647, -36, 100.56, 6.60
74.15, 1644, -36, 100.56, 6.60
74.20, 1643, -36, 100.56, 6.60
74.25, 1641, -36, 100.56, 6.60
74.30, 1642, -36, 100.56, 6.60
74.35, 1638, -37, 100.56, 6.60
74.40, 1637, -37, 100.56, 6.60
74.45, 1636, -37, 100.56, 6.60
74.50, 1634, -37, 100.54, 6.60
74.55, 1633, -37, 100.54, 6.60
74.60, 1634, -36, 100.56, 6.60
74.65, 1634, -36, 100.54, 6.60
74.70, 1632, -36, 100.56, 6.60
74.75, 1631, -37, 100.54, 6.60
74.80, 1631, -38, 100.54, 6.60
74.85, 1632, -39, 100.54, 6.60
74.90, 1628, -41, 100.56, 6.60
74.95, 1628, -42, 100.54, 6.60
75.00, 1625, -44, 100.53, 6.60
75.05, 1621, -45, 100.54, 6.60
75.10, 1618, -46, 100.54, 6.60
75.15, 1616, -46, 100.54, 6.60
75.20, 1614, -46, 100.54, 6.60
75.25, 1614, -46, 100.53, 6.60
75.30, 1609, -46, 100.54, 6.60
75.35, 1606, -46, 100.53, 6.60
75.40, 1604, -46, 100.54, 6.60
75.45, 1605, -46, 100.54, 6.60
75.50, 1599, -46, 100.53, 6.60
75.55, 1601, -46, 100.53, 6.60
75.60, 1600, -47, 100.53, 6.60
75.65, 1595, -49, 100.53, 6.60
75.70, 1591, -51, 100.51, 6.60
75.75, 1583, -53, 100.53, 6.60
75.80, 1578, -55, 100.53, 6.60
75.85, 1572, -57, 100.51, 6.60
75.90, 1566, -57, 100.53, 6.60
75.95, 1559, -58, 100.54, 6.60
76.00, 1557, -58, 100.53, 6.60
76.05, 1557, -58, 100.51, 6.60
76.10, 1555, -58, 100.53, 6.60
76.15, 1552, -57, 100.51, 6.60
76.20, 1551, -56, 100.51, 6.60
76.25, 1551, -55, 100.51, 6.60
76.30, 1549, -54, 100.51, 6.60
76.35, 1547, -55, 100.51, 6.60
76.40, 1547, -57, 100.51, 6.60
76.45, 1547, -58, 100.51, 6.60
76.50, 1546, -60, 100.51, 6.60
76.55, 1543, -61, 100.51, 6.60
76.60, 1541, -61, 100.49, 6.60
76.65, 1534, -60, 100.51, 6.60
76.70, 1526, -59, 100.51, 6.60
76.75, 1520, -57, 100.51, 6.60
76.80, 1518, -55, 100.51, 6.60
76.85, 1519, -52, 100.47, 6.60
76.90, 1515, -50, 100.51, 6.60
76.95, 1510, -49, 100.49, 6.60
77.00, 1507, -48, 100.51, 6.60
77.05, 1504, -48, 100.47, 6.60
77.10, 1503, -48, 100.49, 6.60
77.15, 1503, -49, 100.49, 6.60
77.20, 1499, -49, 100.47, 6.60
77.25, 1532, -49, 100.47, 6.60
77.30, 1494, -49, 100.47, 6.60
77.35, 1490, -50, 100.49, 6.60
77.40, 1487, -52, 100.49, 6.60
77.45, 1484, -54, 100.47, 6.60
77.50, 1480, -55, 100.47, 6.60
77.55, 1479, -55, 100.47, 6.60
77.60, 1477, -54, 100.47, 6.60
77.65, 1474, -52, 100.47, 6.60
77.70, 1472, -50, 100.47, 6.60
77.75, 1473, -49, 100.47, 6.60
77.80, 1470, -48, 100.47, 6.60
77.85, 1467, -47, 100.47, 6.60
77.90, 1467, -46, 100.47, 6.60
77.95, 1466, -45, 100.47, 6.60
78.00, 1468, -44, 100.45, 6.60
78.05, 1464, -44, 100.47, 6.60
78.10, 1449, -45, 100.47, 6.60
78.15, 1457, -46, 100.47, 6.60
78.20, 1456, -47, 100.47, 6.60
78.25, 1457, -48, 100.47, 6.60
78.30, 1452, -46, 100.47, 6.60
78.35, 1448, -44, 100.45, 6.60
78.40, 1439, -42, 100.47, 6.60
78.45, 1433, -40, 100.45, 6.60
78.50, 1431, -39, 100.45, 6.60
78.55, 1432, -39, 100.47, 6.60
78.60, 1432, -38, 100.45, 6.60
78.65, 1433, -38, 100.44, 6.60
78.70, 1427, -38, 100.45, 6.60
78.75, 1428, -38, 100.44, 6.60
78.80, 1425, -38, 100.45, 6.60
78.85, 1421, -39, 100.45, 6.60
78.90, 1421, -40, 100.45, 6.60
78.95, 1423, -40, 100.45, 6.60
79.00, 1422, -41, 100.44, 6.60
79.05, 1418, -40, 100.45, 6.60
79.10, 1417, -40, 100.45, 6.60
79.15, 1414, -39, 100.44, 6.60
79.20, 1413, -39, 100.44, 6.60
79.25, 1410, -37, 100.45, 6.60
79.30, 1409, -35, 100.44, 6.60
79.35, 1406, -33, 100.45, 6.60
79.40, 1405, -31, 100.45, 6.60
79.45, 1405, -31, 100.42, 6.60
79.50, 1404, -32, 100.42, 6.60
79.55, 1401, -35, 100.44, 6.60
79.60, 1403, -39, 100.44, 6.60
79.65, 1400, -43, 100.44, 6.60
79.70, 1398, -47, 100.42, 6.60
79.75, 1395, -49, 100.44, 6.60
79.80, 1394, -50, 100.42, 6.60
79.85, 1389, -51, 100.42, 6.60
79.90, 1385, -51, 100.42, 6.60
79.95, 1385, -51, 100.44, 6.60
80.00, 1382, -51, 100.42, 6.60
80.05, 1380, -51, 100.42, 6.60
80.10, 1379, -50, 100.42, 6.60
80.15, 1378, -50, 100.42, 6.60
80.20, 1378, -49, 100.42, 6.60
80.25, 1383, -49, 100.42, 6.60
80.30, 1385, -49, 100.42, 6.60
80.35, 1384, -49, 100.42, 6.60
80.40, 1379, -50, 100.42, 6.60
80.45, 1375, -51, 100.42, 6.60
80.50, 1363, -51, 100.42, 6.60
80.55, 1358, -52, 100.40, 6.60
80.60, 1345, -53, 100.42, 6.60
80.65, 1332, -53, 100.40, 6.60
80.70, 1326, -53, 100.40, 6.60
80.75, 1326, -53, 100.42, 6.60
80.80, 1325, -53, 100.40, 6.60
80.85, 1323, -52, 100.38, 6.60
80.90, 1322, -52, 100.40, 6.60
80.95, 1320, -52, 100.38, 6.60
81.00, 1319, -52, 100.40, 6.60
81.05, 1319, -52, 100.38, 6.60
81.10, 1317, -53, 100.38, 6.60
81.15, 1316, -54, 100.40, 6.60
81.20, 1315, -56, 100.38, 6.60
81.25, 1315, -57, 100.38, 6.60
81.30, 1312, -58, 100.38, 6.60
81.35, 1308, -58, 100.38, 6.60
81.40, 1305, -56, 100.38, 6.60
81.45, 1304, -54, 100.38, 6.60
81.50, 1301, -51, 100.38, 6.60
81.55, 1296, -48, 100.38, 6.60
81.60, 1296, -44, 100.38, 6.60
81.65, 1295, -42, 100.38, 6.60
81.70, 1294, -40, 100.38, 6.60
81.75, 1290, -39, 100.38, 6.60
81.80, 1285, -39, 100.38, 6.60
81.85, 1286, -40, 100.38, 6.60
81.90, 1285, -40, 100.38, 6.60
81.95, 1280, -41, 100.38, 6.60
82.00, 1281, -41, 100.38, 6.60
82.05, 1276, -41, 100.38, 6.60
82.10, 1273, -42, 100.38, 6.60
82.15, 1268, -42, 100.38, 6.60
82.20, 1271, -43, 100.38, 6.60
82.25, 1270, -43, 100.36, 6.60
82.30, 1268, -44, 100.38, 6.60
82.35, 1267, -44, 100.38, 6.60
82.40, 1266, -44, 100.36, 6.60
82.45, 1265, -44, 100.38, 6.60
82.50, 1258, -45, 100.36, 6.60
82.55, 1261, -45, 100.36, 6.60
82.60, 1255, -46, 100.36, 6.60
82.65, 1256, -46, 100.38, 6.60
82.70, 1250, -47, 100.36, 6.60
82.75, 1249, -48, 100.35, 6.60
82.80, 1246, -48, 100.36, 6.60
82.85, 1243, -48, 100.36, 6.60
82.90, 1240, -49, 100.36, 6.60
82.95, 1240, -49, 100.36, 6.60
83.00, 1237, -49, 100.36, 6.60
83.05, 1236, -49, 100.36, 6.60
83.10, 1233, -49, 100.36, 6.60
83.15, 1234, -49, 100.36, 6.60
83.20, 1229, -49, 100.35, 6.60
83.25, 1226, -48, 100.35, 6.60
83.30, 1222, -48, 100.35, 6.60
83.35, 1220, -48, 100.33, 6.60
83.40, 1217, -48, 100.33, 6.60
83.45, 1213, -48, 100.33, 6.60
83.50, 1212, -48, 100.33, 6.60
83.55, 1208, -48, 100.33, 6.60
83.60, 1203, -48, 100.35, 6.60
83.65, 1200, -49, 100.35, 6.60
83.70, 1197, -49, 100.33, 6.60
83.75, 1193, -49, 100.33, 6.60
83.80, 1191, -49, 100.33, 6.60
83.85, 1189, -49, 100.33, 6.60
83.90, 1186, -49, 100.33, 6.60
83.95, 1183, -49, 100.33, 6.60
84.00, 1179, -49, 100.33, 6.60
84.05, 1176, -49, 100.31, 6.60
84.10, 1175, -50, 100.33, 6.60
84.15, 1173, -50, 100.33, 6.60
84.20, 1178, -50, 100.33, 6.60
84.25, 1174, -50, 100.33, 6.60
84.30, 1174, -50, 100.31, 6.60
84.35, 1173, -50, 100.33, 6.60
84.40, 1169, -50, 100.31, 6.60
84.45, 1167, -50, 100.33, 6.60
84.50, 1166, -50, 100.31, 6.60
84.55, 1162, -50, 100.31, 6.60
84.60, 1160, -49, 100.33, 6.60
84.65, 1154, -48, 100.31, 6.60
84.70, 1151, -48, 100.29, 6.60
84.75, 1149, -47, 100.29, 6.60
84.80, 1147, -47, 100.31, 6.60
84.85, 1146, -47, 100.31, 6.60
84.90, 1144, -48, 100.29, 6.60
84.95, 1142, -48, 100.29, 6.60
85.00, 1140, -49, 100.29, 6.60
85.05, 1136, -50, 100.31, 6.60
85.10, 1135, -51, 100.31, 6.60
85.15, 1133, -52, 100.29, 6.60
85.20, 1129, -53, 100.29, 6.60
85.25, 1125, -54, 100.29, 6.60
85.30, 1121, -55, 100.33, 6.60
85.35, 1121, -55, 100.29, 6.60
85.40, 1117, -56, 100.29, 6.60
85.45, 1112, -56, 100.29, 6.60
85.50, 1111, -57, 100.29, 6.60
85.55, 1107, -57, 100.29, 6.60
85.60, 1105, -57, 100.29, 6.60
85.65, 1105, -57, 100.29, 6.60
85.70, 1103, -57, 100.29, 6.60
85.75, 1100, -57, 100.29, 6.60
85.80, 1098, -57, 100.29, 6.60
85.85, 1097, -58, 100.29, 6.60
85.90, 1085, -58, 100.29, 6.60
85.95, 1083, -58, 100.29, 6.60
86.00, 1079, -59, 100.29, 6.60
86.05, 1076, -59, 100.29, 6.60
86.10, 1073, -59, 100.31, 6.60
86.15, 1071, -59, 100.29, 6.60
86.20, 1067, -58, 100.29, 6.60
86.25, 1068, -58, 100.29, 6.60
86.30, 1064, -57, 100.29, 6.60
86.35, 1063, -56, 100.29, 6.60
86.40, 1058, -56, 100.29, 6.60
86.45, 1053, -55, 100.29, 6.60
86.50, 1049, -55, 100.29, 6.60
86.55, 1046, -54, 100.29, 6.60
86.60, 1044, -54, 100.29, 6.60
86.65, 1041, -54, 100.29, 6.60
86.70, 1038, -54, 100.29, 6.60
86.75, 1038, -54, 100.29, 6.60
86.80, 1033, -53, 100.29, 6.60
86.85, 1030, -53, 100.29, 6.60
86.90, 1028, -52, 100.27, 6.60
86.95, 1025, -51, 100.29, 6.60
87.00, 1024, -50, 100.27, 6.60
87.05, 1019, -49, 100.27, 6.60
87.10, 1015, -48, 100.29, 6.60
87.15, 1016, -48, 100.27, 6.60
87.20, 1014, -49, 100.27, 6.60
87.25, 1010, -49, 100.27, 6.60
87.30, 1010, -49, 100.27, 6.60
87.35, 1008, -49, 100.27, 6.60
87.40, 1005, -48, 100.27, 6.60
87.45, 1004, -47, 100.27, 6.60
87.50, 1001, -46, 100.27, 6.60
87.55, 1002, -46, 100.27, 6.60
87.60, 1001, -46, 100.27, 6.60
87.65, 997, -45, 100.27, 6.60
87.70, 995, -45, 100.27, 6.60
87.75, 993, -45, 100.27, 6.60
87.80, 990, -45, 100.26, 6.60
87.85, 987, -45, 100.26, 6.60
87.90, 986, -45, 100.26, 6.60
87.95, 980, -44, 100.27, 6.60
88.00, 980, -43, 100.27, 6.60
88.05, 981, -43, 100.26, 6.60
88.10, 978, -42, 100.26, 6.60
88.15, 975, -42, 100.27, 6.60
88.20, 970, -43, 100.26, 6.60
88.25, 966, -44, 100.27, 6.60
88.30, 965, -45, 100.27, 6.60
88.35, 963, -46, 100.27, 6.60
88.40, 962, -47, 100.27, 6.60
88.45, 960, -47, 100.26, 6.60
88.50, 958, -48, 100.27, 6.60
88.55, 954, -48, 100.27, 6.60
88.60, 954, -48, 100.27, 6.60
88.65, 950, -48, 100.27, 6.60
88.70, 947, -48, 100.27, 6.60
88.75, 946, -47, 100.26, 6.60
88.80, 942, -46, 100.27, 6.60
88.85, 940, -45, 100.27, 6.60
88.90, 936, -44, 100.27, 6.60
88.95, 938, -43, 100.27, 6.60
89.00, 940, -42, 100.26, 6.60
89.05, 936, -41, 100.26, 6.60
89.10, 931, -39, 100.24, 6.60
89.15, 931, -38, 100.24, 6.60
89.20, 928, -36, 100.24, 6.60
89.25, 921, -34, 100.27, 6.60
89.30, 917, -32, 100.26, 6.60
89.35, 913, -31, 100.24, 6.60
89.40, 913, -30, 100.24, 6.60
89.45, 909, -30, 100.24, 6.60
89.50, 907, -29, 100.24, 6.60
89.55, 905, -29, 100.24, 6.60
89.60, 904, -29, 100.24, 6.60
89.65, 902, -29, 100.24, 6.60
89.70, 900, -29, 100.26, 6.60
89.75, 899, -30, 100.24, 6.60
89.80, 901, -32, 100.24, 6.60
89.85, 902, -35, 100.24, 6.60
89.90, 899, -39, 100.24, 6.60
89.95, 898, -42, 100.24, 6.60
90.00, 899, -46, 100.24, 6.60
90.05, 899, -48, 100.24, 6.60
90.10, 902, -49, 100.24, 6.60
90.15, 901, -50, 100.24, 6.60
90.20, 903, -50, 100.24, 6.60
90.25, 902, -49, 100.24, 6.60
90.30, 903, -48, 100.24, 6.60
90.35, 905, -47, 100.24, 6.60
90.40, 902, -47, 100.24, 6.60
90.45, 903, -46, 100.24, 6.60
90.50, 900, -46, 100.22, 6.60
90.55, 892, -45, 100.24, 6.60
90.60, 895, -45, 100.24, 6.60
90.65, 894, -45, 100.24, 6.60
90.70, 886, -45, 100.24, 6.60
90.75, 886, -45, 100.22, 6.60
90.80, 875, -46, 100.24, 6.60
90.85, 860, -46, 100.24, 6.60
90.90, 853, -47, 100.22, 6.60
90.95, 847, -48, 100.24, 6.60
91.00, 840, -49, 100.24, 6.60
91.05, 836, -50, 100.24, 6.60
91.10, 830, -51, 100.24, 6.60
91.15, 828, -52, 100.24, 6.60
91.20, 826, -53, 100.24, 6.60
91.25, 823, -53, 100.24, 6.60
91.30, 821, -54, 100.22, 6.60
91.35, 821, -56, 100.24, 6.60
91.40, 821, -56, 100.24, 6.60
91.45, 818, -56, 100.24, 6.60
91.50, 818, -56, 100.20, 6.60
91.55, 816, -56, 100.22, 6.60
91.60, 814, -56, 100.24, 6.60
91.65, 814, -55, 100.22, 6.60
91.70, 813, -54, 100.22, 6.60
91.75, 810, -53, 100.20, 6.60
91.80, 810, -50, 100.20, 6.60
91.85, 808, -47, 100.22, 6.60
91.90, 807, -44, 100.20, 6.60
91.95, 805, -42, 100.22, 6.60
92.00, 802, -40, 100.22, 6.60
92.05, 802, -39, 100.24, 6.60
92.10, 801, -38, 100.22, 6.60
92.15, 800, -38, 100.22, 6.60
92.20, 798, -38, 100.22, 6.60
92.25, 799, -38, 100.20, 6.60
92.30, 794, -39, 100.22, 6.60
92.35, 793, -39, 100.20, 6.60
92.40, 789, -40, 100.22, 6.60
92.45, 790, -40, 100.22, 6.60
92.50, 789, -39, 100.22, 6.60
92.55, 785, -39, 100.22, 6.60
92.60, 783, -38, 100.20, 6.60
92.65, 779, -38, 100.20, 6.60
92.70, 778, -38, 100.20, 6.60
92.75, 774, -38, 100.20, 6.60
92.80, 772, -38, 100.20, 6.60
92.85, 769, -38, 100.20, 6.60
92.90, 766, -38, 100.20, 6.60
92.95, 764, -38, 100.20, 6.60
93.00, 759, -38, 100.20, 6.60
93.05, 758, -38, 100.20, 6.60
93.10, 756, -38, 100.20, 6.60
93.15, 751, -39, 100.20, 6.60
93.20, 750, -39, 100.20, 6.60
93.25, 746, -40, 100.20, 6.60
93.30, 744, -40, 100.20, 6.60
93.35, 742, -40, 100.20, 6.60
93.40, 740, -40, 100.20, 6.60
93.45, 741, -40, 100.20, 6.60
93.50, 739, -40, 100.20, 6.60
93.55, 739, -40, 100.20, 6.60
93.60, 742, -39, 100.20, 6.60
93.65, 741, -39, 100.20, 6.60
93.70, 736, -39, 100.20, 6.60
93.75, 736, -38, 100.20, 6.60
93.80, 737, -38, 100.18, 6.60
93.85, 731, -37, 100.20, 6.60
93.90, 728, -37, 100.18, 6.60
93.95, 730, -36, 100.20, 6.60
94.00, 729, -36, 100.18, 6.60
94.05, 726, -35, 100.18, 6.60
94.10, 726, -35, 100.18, 6.60
94.15, 721, -34, 100.20, 6.60
94.20, 720, -34, 100.18, 6.60
94.25, 715, -34, 100.18, 6.60
94.30, 714, -34, 100.18, 6.60
94.35, 713, -34, 100.18, 6.60
94.40, 712, -34, 100.18, 6.60
94.45, 710, -34, 100.18, 6.60
94.50, 708, -35, 100.18, 6.60
94.55, 705, -36, 100.18, 6.60
94.60, 703, -37, 100.17, 6.60
94.65, 703, -38, 100.18, 6.60
94.70, 701, -38, 100.18, 6.60
94.75, 696, -39, 100.18, 6.60
94.80, 696, -40, 100.18, 6.60
94.85, 694, -40, 100.18, 6.60
94.90, 693, -40, 100.18, 6.60
94.95, 690, -41, 100.18, 6.60
95.00, 689, -42, 100.18, 6.60
95.05, 689, -43, 100.18, 6.60
95.10, 686, -44, 100.18, 6.60
95.15, 683, -44, 100.17, 6.60
95.20, 680, -45, 100.18, 6.60
95.25, 678, -46, 100.18, 6.60
95.30, 676, -47, 100.18, 6.60
95.35, 675, -47, 100.18, 6.60
95.40, 674, -48, 100.18, 6.60
95.45, 673, -48, 100.18, 6.60
95.50, 669, -48, 100.18, 6.60
95.55, 669, -48, 100.18, 6.60
95.60, 667, -48, 100.18, 6.60
95.65, 663, -48, 100.18, 6.60
95.70, 660, -48, 100.18, 6.60
95.75, 655, -48, 100.18, 6.60
95.80, 655, -48, 100.18, 6.60
95.85, 652, -48, 100.18, 6.60
95.90, 650, -48, 100.17, 6.60
95.95, 645, -48, 100.18, 6.60
96.00, 643, -49, 100.18, 6.60
96.05, 640, -51, 100.18, 6.60
96.10, 637, -52, 100.18, 6.60
96.15, 632, -53, 100.18, 6.60
96.20, 626, -53, 100.18, 6.60
96.25, 622, -53, 100.17, 6.60
96.30, 619, -53, 100.18, 6.60
96.35, 617, -53, 100.18, 6.60
96.40, 619, -53, 100.15, 6.60
96.45, 617, -53, 100.17, 6.60
96.50, 610, -52, 100.17, 6.60
96.55, 610, -51, 100.17, 6.60
96.60, 610, -50, 100.15, 6.60
96.65, 604, -50, 100.17, 6.60
96.70, 603, -49, 100.17, 6.60
96.75, 602, -49, 100.18, 6.60
96.80, 601, -49, 100.17, 6.60
96.85, 601, -48, 100.18, 6.60
96.90, 598, -48, 100.17, 6.60
96.95, 594, -48, 100.18, 6.60
97.00, 590, -47, 100.15, 6.60
97.05, 584, -46, 100.18, 6.60
97.10, 578, -45, 100.17, 6.60
97.15, 576, -44, 100.15, 6.60
97.20, 576, -43, 100.17, 6.60
97.25, 573, -43, 100.15, 6.60
97.30, 570, -43, 100.17, 6.60
97.35, 569, -43, 100.18, 6.60
97.40, 568, -43, 100.17, 6.60
97.45, 568, -43, 100.17, 6.60
97.50, 570, -44, 100.17, 6.60
97.55, 569, -44, 100.17, 6.60
97.60, 568, -44, 100.18, 6.60
97.65, 564, -45, 100.15, 6.60
97.70, 561, -45, 100.15, 6.60
97.75, 558, -46, 100.17, 6.60
97.80, 557, -46, 100.15, 6.60
97.85, 557, -47, 100.15, 6.60
97.90, 552, -46, 100.17, 6.60
97.95, 550, -45, 100.15, 6.60
98.00, 549, -44, 100.15, 6.60
98.05, 547, -42, 100.15, 6.60
98.10, 546, -41, 100.15, 6.60
98.15, 543, -40, 100.13, 6.60
98.20, 539, -39, 100.15, 6.60
98.25, 538, -38, 100.15, 6.60
98.30, 535, -38, 100.15, 6.60
98.35, 533, -39, 100.15, 6.60
98.40, 532, -40, 100.15, 6.60
98.45, 526, -42, 100.15, 6.60
98.50, 523, -44, 100.15, 6.60
98.55, 522, -45, 100.15, 6.60
98.60, 519, -46, 100.15, 6.60
98.65, 515, -45, 100.15, 6.60
98.70, 515, -44, 100.11, 6.60
98.75, 511, -43, 100.15, 6.60
98.80, 508, -43, 100.15, 6.60
98.85, 504, -43, 100.13, 6.60
98.90, 504, -43, 100.15, 6.60
98.95, 504, -43, 100.15, 6.60
99.00, 502, -44, 100.15, 6.60
99.05, 502, -43, 100.15, 6.60
99.10, 498, -43, 100.15, 6.60
99.15, 499, -42, 100.11, 6.60
99.20, 499, -43, 100.13, 6.60
99.25, 497, -44, 100.13, 6.60
99.30, 496, -45, 100.11, 6.60
99.35, 494, -45, 100.13, 6.60
99.40, 488, -46, 100.13, 6.60
99.45, 483, -46, 100.11, 6.60
99.50, 477, -45, 100.13, 6.60
99.55, 475, -45, 100.13, 6.60
99.60, 475, -45, 100.13, 6.60
99.65, 474, -45, 100.11, 6.60
99.70, 476, -44, 100.11, 6.60
99.75, 477, -43, 100.13, 6.60
99.80, 475, -42, 100.11, 6.60
99.85, 466, -42, 100.13, 6.60
99.90, 466, -41, 100.13, 6.60
99.95, 462, -40, 100.11, 6.60
100.00, 461, -39, 100.11, 6.60
100.05, 461, -38, 100.11, 6.60
100.10, 464, -38, 100.11, 6.60
100.15, 461, -38, 100.11, 6.60
100.20, 453, -39, 100.13, 6.60
100.25, 446, -40, 100.11, 6.60
100.30, 442, -40, 100.11, 6.60
100.35, 439, -40, 100.11, 6.60
100.40, 439, -39, 100.11, 6.60
100.45, 437, -38, 100.11, 6.60
100.50, 431, -36, 100.11, 6.60
100.55, 431, -35, 100.11, 6.60
100.60, 429, -35, 100.11, 6.60
100.65, 427, -36, 100.11, 6.60
100.70, 427, -37, 100.11, 6.60
100.75, 426, -37, 100.11, 6.60
100.80, 423, -37, 100.11, 6.60
100.85, 424, -37, 100.09, 6.60
100.90, 424, -37, 100.09, 6.60
100.95, 428, -37, 100.11, 6.60
101.00, 430, -38, 100.11, 6.60
101.05, 426, -39, 100.11, 6.60
101.10, 425, -40, 100.09, 6.60
101.15, 420, -40, 100.11, 6.60
101.20, 421, -39, 100.09, 6.60
101.25, 415, -38, 100.11, 6.60
101.30, 412, -37, 100.11, 6.60
101.35, 412, -36, 100.11, 6.60
101.40, 409, -36, 100.09, 6.60
101.45, 410, -36, 100.09, 6.60
101.50, 409, -36, 100.09, 6.60
101.55, 406, -36, 100.09, 6.60
101.60, 406, -37, 100.11, 6.60
101.65, 405, -37, 100.09, 6.60
101.70, 401, -37, 100.09, 6.60
101.75, 400, -38, 100.09, 6.60
101.80, 397, -38, 100.09, 6.60
101.85, 395, -39, 100.09, 6.60
101.90, 392, -40, 100.09, 6.60
101.95, 390, -42, 100.09, 6.60
102.00, 384, -43, 100.09, 6.60
102.05, 379, -43, 100.09, 6.60
102.10, 377, -43, 100.09, 6.60
102.15, 376, -42, 100.09, 6.60
102.20, 373, -41, 100.09, 6.60
102.25, 374, -41, 100.06, 6.60
102.30, 369, -40, 100.09, 6.60
102.35, 367, -40, 100.09, 6.60
102.40, 365, -40, 100.08, 6.60
102.45, 361, -41, 100.09, 6.60
102.50, 360, -41, 100.08, 6.60
102.55, 358, -42, 100.09, 6.60
102.60, 356, -42, 100.08, 6.60
102.65, 354, -43, 100.09, 6.60
102.70, 351, -43, 100.09, 6.60
102.75, 351, -44, 100.08, 6.60
102.80, 348, -44, 100.08, 6.60
102.85, 347, -44, 100.06, 6.60
102.90, 345, -44, 100.09, 6.60
102.95, 343, -43, 100.08, 6.60
103.00, 342, -43, 100.08, 6.60
103.05, 340, -42, 100.08, 6.60
103.10, 340, -42, 100.06, 6.60
103.15, 340, -42, 100.06, 6.60
103.20, 336, -42, 100.06, 6.60
103.25, 335, -41, 100.06, 6.60
103.30, 335, -41, 100.06, 6.60
103.35, 330, -40, 100.08, 6.60
103.40, 329, -40, 100.06, 6.60
103.45, 330, -39, 100.08, 6.60
103.50, 327, -39, 100.06, 6.60
103.55, 322, -39, 100.08, 6.60
103.60, 320, -39, 100.06, 6.60
103.65, 318, -38, 100.06, 6.60
103.70, 315, -38, 100.06, 6.60
103.75, 311, -37, 100.06, 6.60
103.80, 309, -37, 100.06, 6.60
103.85, 306, -37, 100.06, 6.60
103.90, 303, -37, 100.06, 6.60
103.95, 302, -37, 100.06, 6.60
104.00, 298, -38, 100.06, 6.60
104.05, 295, -38, 100.06, 6.60
104.10, 293, -38, 100.06, 6.60
104.15, 294, -39, 100.06, 6.60
104.20, 291, -39, 100.06, 6.60
104.25, 290, -39, 100.06, 6.60
104.30, 289, -39, 100.06, 6.60
104.35, 288, -39, 100.06, 6.60
104.40, 285, -39, 100.04, 6.60
104.45, 285, -40, 100.04, 6.60
104.50, 280, -39, 100.06, 6.60
104.55, 279, -39, 100.04, 6.60
104.60, 281, -39, 100.02, 6.60
104.65, 279, -39, 100.04, 6.60
104.70, 276, -39, 100.04, 6.60
104.75, 278, -38, 100.04, 6.60
104.80, 276, -38, 100.02, 6.60
104.85, 271, -38, 100.04, 6.60
104.90, 271, -38, 100.04, 6.60
104.95, 268, -37, 100.04, 6.60
105.00, 265, -37, 100.06, 6.60
105.05, 265, -37, 100.04, 6.60
105.10, 263, -37, 100.04, 6.60
105.15, 262, -37, 100.06, 6.60
105.20, 260, -37, 100.04, 6.60
105.25, 256, -38, 100.04, 6.60
105.30, 252, -38, 100.06, 6.60
105.35, 255, -38, 100.04, 6.60
105.40, 252, -38, 100.06, 6.60
105.45, 249, -38, 100.04, 6.60
105.50, 245, -38, 100.06, 6.60
105.55, 244, -39, 100.06, 6.60
105.60, 243, -40, 100.06, 6.60
105.65, 239, -41, 100.04, 6.60
105.70, 236, -41, 100.04, 6.60
105.75, 235, -42, 100.06, 6.60
105.80, 231, -42, 100.06, 6.60
105.85, 230, -42, 100.04, 6.60
105.90, 228, -42, 100.04, 6.60
105.95, 226, -42, 100.04, 6.60
106.00, 227, -42, 100.02, 6.60
106.05, 221, -42, 100.06, 6.60
106.10, 222, -42, 100.06, 6.60
106.15, 220, -42, 100.04, 6.60
106.20, 216, -42, 100.06, 6.60
106.25, 214, -42, 100.04, 6.60
106.30, 213, -42, 100.04, 6.60
106.35, 213, -42, 100.04, 6.60
106.40, 209, -42, 100.06, 6.60
106.45, 210, -42, 100.02, 6.60
106.50, 207, -41, 100.04, 6.60
106.55, 201, -41, 100.02, 6.60
106.60, 199, -41, 100.04, 6.60
106.65, 196, -40, 100.02, 6.60
106.70, 195, -40, 100.02, 6.60
106.75, 192, -40, 100.02, 6.60
106.80, 190, -39, 100.06, 6.60
106.85, 187, -39, 100.02, 6.60
106.90, 186, -39, 100.04, 6.60
106.95, 185, -39, 100.02, 6.60
107.00, 184, -40, 100.02, 6.60
107.05, 181, -40, 100.04, 6.60
107.10, 178, -40, 100.02, 6.60
107.15, 178, -40, 100.02, 6.60
107.20, 176, -40, 100.02, 6.60
107.25, 172, -40, 100.02, 6.60
107.30, 171, -40, 100.02, 6.60
107.35, 170, -41, 100.02, 6.60
107.40, 167, -41, 100.02, 6.60
107.45, 166, -41, 100.02, 6.60
107.50, 163, -40, 100.04, 6.60
107.55, 162, -40, 100.02, 6.60
107.60, 161, -41, 100.02, 6.60
107.65, 159, -41, 100.02, 6.60
107.70, 157, -42, 100.02, 6.60
107.75, 156, -43, 100.02, 6.60
107.80, 153, -44, 100.02, 6.60
107.85, 152, -45, 100.02, 6.60
107.90, 150, -45, 100.02, 6.60
107.95, 147, -46, 100.02, 6.60
108.00, 146, -47, 100.02, 6.60
108.05, 143, -48, 100.02, 6.60
108.10, 142, -48, 100.02, 6.60
108.15, 141, -49, 100.02, 6.60
108.20, 136, -49, 100.02, 6.60
108.25, 134, -48, 100.02, 6.60
108.30, 132, -48, 100.02, 6.60
108.35, 130, -48, 100.02, 6.60
108.40, 129, -48, 100.02, 6.60
108.45, 129, -47, 100.02, 6.60
108.50, 124, -47, 100.02, 6.60
108.55, 120, -47, 100.02, 6.60
108.60, 117, -46, 100.02, 6.60
108.65, 112, -46, 100.02, 6.60
108.70, 108, -46, 100.02, 6.60
108.75, 105, -45, 100.02, 6.60
108.80, 101, -44, 100.02, 6.60
108.85, 97, -44, 100.02, 6.60
108.90, 95, -43, 100.02, 6.60
108.95, 90, -42, 100.02, 6.60
109.00, 88, -41, 100.00, 6.60
109.05, 85, -39, 100.00, 6.60
109.10, 81, -38, 100.02, 6.60
109.15, 79, -38, 100.02, 6.60
109.20, 79, -37, 100.00, 6.60
109.25, 77, -36, 100.02, 6.60
109.30, 76, -36, 100.00, 6.60
109.35, 74, -36, 100.00, 6.60
109.40, 73, -36, 100.00, 6.60
109.45, 72, -36, 100.02, 6.60
109.50, 71, -37, 100.00, 6.60
109.55, 70, -38, 100.00, 6.60
109.60, 69, -39, 100.00, 6.60
109.65, 68, -40, 100.00, 6.60
109.70, 68, -41, 100.00, 6.60
109.75, 67, -42, 100.00, 6.60
109.80, 67, -44, 100.02, 6.60
109.85, 66, -45, 100.00, 6.60
109.90, 65, -45, 100.00, 6.60
109.95, 67, -45, 100.00, 6.60
110.00, 68, -44, 100.00, 6.60
110.05, 66, -43, 100.00, 6.60
110.10, 67, -42, 100.00, 6.60
110.15, 66, -42, 100.00, 6.60
110.20, 64, -42, 100.00, 6.60
110.25, 64, -42, 100.00, 6.60
110.30, 61, -42, 100.00, 6.60
110.35, 59, -42, 100.00, 6.60
110.40, 57, -43, 100.00, 6.60
110.45, 53, -43, 100.00, 6.60
110.50, 49, -43, 99.99, 6.60
110.55, 41, -44, 100.00, 6.60
110.60, 35, -44, 100.00, 6.60
110.65, 29, -44, 100.00, 6.60
110.70, 23, -44, 100.00, 6.60
110.75, 16, -45, 100.00, 6.60
110.80, 7, -45, 100.00, 6.60
110.85, 4, -46, 100.00, 6.60
110.90, 2, -46, 99.99, 6.60
110.95, -1, -47, 100.00, 6.60
111.00, 1, -48, 100.00, 6.60
111.05, 1, -48, 99.99, 6.60
111.10, -2, -48, 100.00, 6.60
111.15, -2, -49, 99.99, 6.60
111.20, -4, -49, 99.99, 6.60
111.25, -5, -49, 99.99, 6.60
111.30, -7, -48, 99.99, 6.60
111.35, -12, -46, 100.00, 6.60
111.40, -13, -44, 99.97, 6.60
111.45, -14, -42, 99.97, 6.60
111.50, -15, -41, 100.00, 6.60
111.55, -16, -41, 99.97, 6.60
111.60, -18, -41, 99.99, 6.60
111.65, -19, -42, 99.99, 6.60
111.70, -19, -41, 99.99, 6.60
111.75, -20, -38, 100.00, 6.60
111.80, -22, -35, 99.97, 6.60
111.85, -25, -31, 99.99, 6.60
111.90, -26, -27, 99.97, 6.60
111.95, -27, -26, 99.97, 6.60
112.00, -25, -23, 99.97, 6.60
112.05, -27, -22, 99.99, 6.60
112.10, -30, -20, 99.97, 6.60
112.15, -32, -18, 99.97, 6.60
112.20, -36, -17, 99.99, 6.60
112.25, -34, -17, 99.97, 6.60
112.30, -32, -16, 99.97, 6.60
112.35, -30, -14, 99.97, 6.60
112.40, -27, -13, 99.97, 6.60
112.45, -26, -13, 99.97, 6.60
112.50, -34, -12, 99.97, 6.60
112.55, -45, -11, 99.97, 6.60
112.60, -55, -11, 99.97, 6.60
112.65, -62, -11, 99.97, 6.60
112.70, -69, -10, 99.95, 6.60
112.75, 53, -9, 99.97, 6.60
112.80, -39, -9, 99.95, 6.60
112.85, -32, -8, 99.95, 6.60
112.90, -80, -7, 99.97, 6.60
112.95, -38, -7, 99.95, 6.60
113.00, -38, -6, 99.97, 6.60
113.05, -38, -5, 99.97, 6.60
113.10, -37, -4, 99.95, 6.60
113.15, -39, -4, 99.97, 6.60
113.20, -38, -3, 99.97, 6.60
113.25, -39, -3, 99.95, 6.60
113.30, -39, -3, 99.95, 6.60
113.35, -39, -4, 99.97, 6.60
113.40, -37, -4, 99.93, 6.60
113.45, -38, -3, 99.95, 6.60
113.50, -39, -0, 99.97, 6.60
113.55, -38, 4, 99.93, 6.60
113.60, -40, 8, 99.97, 6.60
113.65, -40, 10, 99.97, 6.60
113.70, -38, 11, 99.93, 6.60
113.75, -39, 10, 99.93, 6.60
113.80, -39, 8, 99.93, 6.60
113.85, -40, 6, 99.95, 6.60
113.90, -38, 6, 99.93, 6.60
113.95, -39, 3, 99.93, 6.60
114.00, -38, 2, 99.93, 6.60
114.05, -39, 1, 99.93, 6.60
114.10, -38, -0, 99.93, 6.60
114.15, -39, -0, 99.93, 6.60
114.20, -38, -0, 99.95, 6.60
114.25, -38, -0, 99.93, 6.60
114.30, -38, -0, 99.93, 6.60
114.35, -39, -0, 99.93, 6.60
114.40, -38, -0, 99.93, 6.60
114.45, -38, -0, 99.93, 6.60
114.50, -38, 0, 99.93, 6.60
114.55, -38, 0, 99.93, 6.60
114.60, -37, 0, 99.93, 6.60
114.65, -38, 0, 99.93, 6.60
114.70, -37, 0, 99.93, 6.60
114.75, -40, 0, 99.93, 6.60
114.80, -38, 0, 99.91, 6.60
114.85, -38, 0, 99.91, 6.60
114.90, -39, 0, 99.93, 6.60
114.95, -38, 0, 99.93, 6.60
115.00, -38, 0, 99.93, 6.60
115.05, -38, 0, 99.91, 6.60
115.10, -38, 0, 99.91, 6.60
115.15, -39, 0, 99.91, 6.60
115.20, -39, -0, 99.91, 6.60
115.25, -39, -0, 99.91, 6.60
115.30, -39, -0, 99.91, 6.60
115.35, -38, -0, 99.91, 6.60
115.40, -40, -0, 99.91, 6.60
115.45, -38, -0, 99.91, 6.60
115.50, -38, -0, 99.91, 6.60
115.55, -38, -0, 99.91, 6.60
115.60, -40, -0, 99.93, 6.60
115.65, -38, -0, 99.91, 6.60
115.70, -38, -0, 99.90, 6.60
115.75, -39, -0, 99.91, 6.60
115.80, -38, -0, 99.91, 6.60
115.85, -38, -0, 99.91, 6.60
115.90, -40, 0, 99.91, 6.60
115.95, -38, -0, 99.91, 6.60
116.00, -38, -0, 99.88, 6.60
116.05, -38, -0, 99.88, 6.60
116.10, -39, -0, 99.90, 6.60
116.15, -38, -0, 99.90, 6.60
116.20, -38, -0, 99.88, 6.60
116.25, -40, -0, 99.90, 6.60
116.30, -38, -0, 99.88, 6.60
116.35, -39, -0, 99.88, 6.60
116.40, -38, -0, 99.88, 6.60
116.45, -38, -0, 99.88, 6.60
116.50, -39, -0, 99.88, 6.60
116.55, -38, -0, 99.88, 6.60
116.60, -39, -0, 99.88, 6.60
116.65, -39, -0, 99.88, 6.60
116.70, -39, -0, 99.88, 6.60
116.75, -39, 0, 99.88, 6.60
116.80, -38, 0, 99.88, 6.60
116.85, -38, -0, 99.88, 6.60
116.90, -39, -0, 99.88, 6.60
116.95, -38, -1, 99.88, 6.60
117.00, -38, -2, 99.88, 6.60
117.05, -40, -2, 99.88, 6.60
117.10, -40, -2, 99.88, 6.60
117.15, -38, -2, 99.86, 6.60
117.20, -40, -0, 99.88, 6.60
117.25, -39, 0, 99.88, 6.60
117.30, -39, 1, 99.88, 6.60
117.35, -39, 2, 99.88, 6.60
117.40, -40, 2, 99.86, 6.60
117.45, -38, 2, 99.86, 6.60
117.50, -39, -0, 99.84, 6.60
117.55, -38, -0, 99.86, 6.60
117.60, -39, -0, 99.86, 6.60
117.65, -40, -0, 99.86, 6.60
117.70, -38, -0, 99.84, 6.60
117.75, -38, -0, 99.84, 6.60
117.80, -37, -0, 99.84, 6.60
117.85, -39, -0, 99.84, 6.60
117.90, -38, -0, 99.84, 6.60
117.95, -38, -0, 99.84, 6.60
